Positive	父親	片中的小女孩正是X、Y世代的象徵,穩重的父親則代表國民黨。
Neutral	女孩	「娃娃」是根據作家小野同名的小說改編而來,描述一位從山地來的女孩和她的玩伴迷你豬在台北發生的一連串趣事。
Propn	兄弟	這次演唱會將包括任賢齊出道以來的眾多成名歌曲,除了包括「心太軟」、「依靠」、「對面的女孩看過來」、「我是一隻魚」、「傷心太平洋」、「兄弟」、「天涯」等歌迷耳熟能詳的舊作外,新專輯「齊待」中的「氣管炎」、「良藥苦口」等歌曲也將首次現場表演。
Positive	媽媽	雖然視障,但奕承仍和一般小朋友一樣愛到公園去溜滑梯,最不便的是公園內障礙多,石階常跘倒他們;偶爾也有小朋友竊笑奕承,周妙芳說,奕承不會理會別人的譏笑,只會找到媽媽、擁抱媽媽。
Other	兄弟	委员李锦开提出“富裕地区市县与山区、边远地区市县互结兄弟市县,带动贫困地区经济发展”的提案,广东省政府立即采纳,专门发文调配了六对市县为对口协助单位,并把过去单一的“输血”扶贫,改变为帮助“造血”,联营开发山区、边远地区资源,发展商品经济,已收到较好的效果。
Neutral	儿子	曾在三十年前访问中国、并和“亚洲第一中锋”穆铁柱交过手的翁泽尔德此次不但再次带来了自己的妻子,还把自己在奇才队当助理教练的儿子小韦斯也一同带来。
Neutral	父親	警方今天透露,周方是鄭錫的兒子,射殺父親的動機為何,警方正在調查。
Negative	爸爸	彰化家扶中心輔導的男童小凱因爸爸入獄,媽媽離家,由70多歲的阿公扶養,阿公1人要照顧1家7口人,包括精神異常的伯父及91歲的曾祖母。
Positive	爸爸	立法院長王金平今晚與女兒王馨敏出席「台北攝影與數位影像藝術博覽會」開幕酒會,這次博覽會也展出王馨敏4張攝影作品,王馨敏說,「有時候會偷拍爸爸,他45度角最好看。
Neutral	男人	奇怪的是,我们找了半天,也没看到几个男人。
Neutral	媽媽	張媽媽是個不愛說話的人,那天她和阿妹難得在錄音室裡談心,話匣子一開,用卑南語說了許多,大部分都是對阿妹的叮嚀和訓示。
Neutral	女人	《瓷魂》的编导苏时进获得最佳编导奖,《惠安女人》的作曲吴少雄获得最佳作曲奖,《古汉伊人》的舞美设计唐国文获得最佳舞美设计奖,《精卫》的灯光设计秦玉山、卢克强、宋嵘获得最佳灯光设计奖,《末代皇帝》的服装设计徐世民、徐曾获得最佳服装设计奖,《古汉伊人》的编剧结构李安仁、刘永尧、张弋获得最佳编剧结构奖,《早春二月》中饰演萧涧秋的刘辉和《瓷魂》中饰演青花的李倩分别获得最佳男女主角奖。
Neutral	儿子	九度春秋,张大权烈士的儿子张平和女儿张燕都上了中学。
Segment	母親	山根表示,日本與台灣相同,現代的父母親因為疼愛子女而予以過多保護,孩子們也因此而缺乏團體生活以及如何與人和諧相處的學習機會,結果反而使得孩子養成驕縱習氣,夏令營的棒球教室就是希望能培養孩子們與人相處之道。
Propn	媽媽	新埔鎮農會強調,這次將動員新埔鎮所有的果農,規畫「水梨爸爸」、「水梨媽媽」,分別負責水梨展售及客家美食文化螢,讓民眾不僅吃到最甘美的水梨,還可享受道地客家料理。
Negative	儿子	徐长仁已70多岁,日子过得很紧巴,儿子又遇车祸身亡,他和老伴领着两个不足10岁的孩子过活。
Neutral	妻子	印度《瞭望》周刊的编辑夏尔马整场演出中都紧握着妻子的手,并不时用手和衣领拭去激动的泪水。
Neutral	女兒	昨天的佛農鎮命案死者是卑詩東部有名的家族,父母、五個女兒、一名女婿和孫子被來自溫哥華郊外柏那比的嫌犯開槍射殺。
Neutral	女孩	小叮噹(哆啦A夢)今年已經三十歲了,百貨公司還拿它當商品代言人,五十歲的史努比則有種天真的模樣,美美的芭比娃娃吸引女孩們蒐藏,有點壞壞的加菲貓也蠻惹人愛,布丁狗、腓立貓、菲比小精靈、米飛兔、喬治猴則是新造型玩偶,娃娃流行持續發燒熱賣呈現新消費趨勢。
Propn	男人	「白絲帶運動」對國人來說相當陌生,因為這是大約十年前緣起於加拿大的以「男人反性暴力」為訴求的男性自省運動,多年來在世界各地蓬勃發展,台灣最近開始推展,發起的國立台灣大學婦女研究室預定十一月底推動國人與世界同步配戴白絲帶,共同反擊男性性暴力。
Propn	母親	「母親為女人」組織發言人特萊契爾表示,母親在家育嬰就像照顧老人及家中病人一樣,是無酬的工作,因此也從來未被計算成經濟生產力的一部分。
Other	母親	國際特赦組織(AMNESTY INTERNATIONAL)中華民國總會秘書長蔡明殿今天表示,一九九五年母親節當天,這群土耳其媽媽以「母親不要哭泣」為訴求,在伊斯坦堡舉行和平遊行,卻遭到土耳其警方的毆打及拘禁。
Neutral	妻子	李光飞和他的妻子杨爱则是其中之一。
Positive	儿子	“现在最盼的,就是接到小宝的电话,”看着站在领奖台最高处的儿子,宋永会擦着眼泪说。
Neutral	母亲	它们的母亲“乐乐”是北京动物园人工饲养下繁殖的第二代大熊猫。
Neutral	妻子	陳思銘妻子過世後,本身又罹患腦神經衰弱,須經常服藥,平時只能做些西服加工工作,但十分重視子女教育,四個孩子目前分別就讀高職及大學,十分懂事,寒暑假也會回家扶中心,以感恩回饋的心擔任義工。
Neutral	母親	衛生署指出,B型肝炎預防注射實施計畫是自民國七十三年七月起開始辦理,七十四、七十五年度注射對象為帶原母親新生兒,在七十六年度起除所有新生兒外,並逐年擴大推動注射對象,從學齡前幼兒、國小學童、青少年及成人,並包括醫護人員及帶原者家屬。
Positive	母親	新黨禹耀東表示新黨雖然像一位微弱的母親,但他絕不會離開,籲請鄉親如果沒有更好的選擇時就投給他,讓新黨不被泡沫化。
Propn	兄弟	判決書指出,被告蔡和修、楊進忠、周錦楠等人因於去年八月間中華職棒兄弟象隊、興農牛隊職棒隊四連戰,下重注簽賭兄弟象隊首仗勝場,但是兄弟象隊卻在這場比賽意外的輸球,因此,被告等人懷疑兄弟象隊球員與場外組頭有勾結,故意輸球,被告等人不甘受損,於是持槍強押吳復連等球員,毆傷、恐嚇球員聽從蔡和修等人的指揮,以左右球賽勝負。
Positive	母親	鍾彬嫻期勉自己不僅要成為事業的女強人,更要成為一個偉大的母親。
Positive	爸爸	26日零时多,吴先生的三儿子吴乙丁打来电话,哭着说:“我爸爸走了!”听到噩耗的卢新华既吃惊又悲痛,没想到吴先生这么快就走了。
Neutral	弟弟	警方表示,今天凌晨一時三十分左右,就讀高中的十七歲少年吳俊霖及十六歲弟弟吳俊賢,開著父親車號N5-3481自小客車載著同學吳建中,外出兜風,行經水林鄉新興北路時,可能因車速過快,失控撞上路旁的樹木,吳建中被夾死在車內,吳姓兄弟則被彈出車外,倒臥在草叢中,警方趕到現場時,三人已毫無生命跡象,現場一片狼籍。
Neutral	父親	不過因為蔡葛瑞生病的父親在罹患肝病並接受肝臟移植手術後病情轉好,移民局因此認為他沒有繼續留在美國接受醫療的必要,蔡葛瑞也因此可能隨時遭移民局遣返回台灣。
Positive	女孩	身為父親我很高興兒女在專業領域各自有一片天空,我相信我的子女或許承受一些壓力,但他們都能以平常心視之,我的小女兒連詠心在面對嚴格的高中聯考時,曾有媒體記者在考場獵取她應考的鏡頭,這對一個十五歲的小女孩是很大的臨場壓力,可是她仍然考上第一志願--北一女中,這樣的「平常心」就是我們連氏門中教育子女如何勉勵自己的行為法則,很高興在這一點上,兒女都很像我。
Positive	男人	--14時,「2010年最有自信男人頒獎」百位男性一同刮鬍子,信義威秀廣場。
Positive	姐姐	活動將由名模林若亞擔任代言人,偶像劇演員王建隆為主持人,並有東森幼幼台兒童節目主持人李岳(西瓜哥哥)、簡築翎(蝴蝶姐姐)助陣演出,與參加民眾同樂。
Neutral	男人	据此间媒体报道,由于单身女性人数大大超过单身男性,新西兰陷入“男人荒”,单身女性难以找到对象。
Neutral	妻子	對我們的小孩殘酷,對茱迪 (費雪的妻子) 也不公平。
Positive	媽媽	張薈茗表示,透過媒體看到第一線救災官兵的辛苦,相當心疼,因此今天特地前往水上空軍基地製作香噴噴、有媽媽味道的熱食,為他們加油打氣。
Propn	兄弟	去年9月15日,美国第四大投资银行雷曼兄弟公司宣布破产,从而引发国际金融危机。
Positive	兄弟	台北市長馬英九上午以發放紅包和加菜金的方式,慰問城中消防分隊在春節值班的辛勞並藉機向這群打火兄弟賀節。
Negative	兄弟	于是一幕幕难忘的情景又在记者的眼前浮现:在盐湖城冬奥会上,率先冲过终点线的杨扬从冰面上站起身来,握紧拳头高声呐喊;申雪/赵宏博倾情演绎《图兰朵》,挑战世界最高难度的极限;孔令辉在悉尼奥运会上背水一战,获胜后狂吻胸前佩带的国徽,泪流满面;冰城与她的兄弟齐齐哈尔和佳木斯一起,悲壮地扛起中国冰球的所有艰难。
Neutral	母親	全案中最無辜的就屬越籍的阮姓女子,因為她的家族在海防市是世家,母親曾移民法國,全家都受過高等教育,阮女並計畫赴法國深造,因為結識赴越工作的易某,不但放棄求學,還越洋嫁來台灣,沒想到卻落得婚姻無效,連承辦檢察官都相當同情。
Neutral	女儿	这一天是他刚满一周岁的女儿的生日。
Propn	兄弟	「曼谷郵報」(Bangkok Post)即時新聞報導,由醫師、護士、藥劑師、牙醫、各領域專家組成的「馬希多爾兄弟團體」(Mahidol Brothers Group)公佈這份驗血報告,血液中除了有上述病毒之外,還混雜了豬血。
Neutral	女兒	本身在市政府工作的強森,特地約好全家人在下班後參加開幕典禮,欣賞舞獅、緞帶舞、古箏、原住民舞蹈外,也讓兩個女兒聚精會神地坐在捏麵人前學著做雞造型的作品。
Negative	男人	古今中外,壯陽藥不知凡幾,從以形補形的各種動物的「鞭」、再噁心也有人嚐試的童女經血及童男尿,號稱能金槍不倒的金蒼蠅及印度神油,八味中藥組成的八仙不老丸,到橫掃全球的威而鋼,男人掉入陽物崇拜的迷思裡,卻忽略了最能讓女人滿足的性愛方式是口交,女性性滿足的心理因素大於生理。
Neutral	兒子	國務部長穆迪諾表示,陪同蘇哈托的有其兒子哈尤丹托及女兒路瑪納、普洛波娃及艾迪妮希。
Neutral	男孩	小男孩的爸爸表示,小朋友當天好奇打開阿嬤放在桌上的藥丸,紅色藥丸看來十分誘人,抓了一把藥丸,就當糖果往嘴裡塞,一旁5歲的哥哥驚呼「不能吃」,父母聽見聲音衝出來制止,已經來不及。
Neutral	哥哥	負責輔導連佳欣的社工員說,連佳欣三歲時喪父,母親一肩挑起連佳欣和哥哥、姊姊一家四口的家計,靠著送報和幫快餐店送便當微薄的薪水維持生活,連佳欣沒有被貧苦的家境打倒,在學校課業表現優異,還擔任學校樂團的鋼琴伴奏。
Positive	母亲	不久前,蓝儿的母亲蓝水怡撰写的“儿在高三”博客日记引领新浪网“高三家长博客圈”,点击率短时间内突破150万次。
Neutral	女儿	藤森在日本通过电话对无法出席女儿的婚礼表示遗憾和歉意。
Neutral	父親	據報導,被害人劉小雁的父親對判決不服,表示要申請檢察院抗訴,直到蔡川被判死刑為止。
Neutral	兄弟	雖然外界一般預測看好兄弟象可能奪冠,不過洪瑞河還是再三告誡大家要以平常心看待。
Neutral	丈夫	前香港政務司司長陳方安生今天表示,香港政府應採取積極行動,協助被中國大陸扣押的新加坡海峽時報駐中國首席特派員程翔,使程翔妻子與丈夫會面。
Propn	男孩	由一群中、小學老師組成的「牛古演劇團」,十八日晚上七時三十分將在南投縣文化局演藝廳演出兒童歌舞劇「螃蟹與男孩」,強調親子溝通的重要性,相當適合闔家一起觀賞。
Positive	父親	由於今年金馬獎將在基隆市舉辦,市立文化中心必須進行場地整修等因素,以致原本應該在八月初舉行的模範傷殘父親表揚大會,延後在重陽節前夕舉行,主辦單位傷殘服務協會在大會中表揚十四位本身或是子女具有身心障礙身分的模範父親。
Neutral	女兒	巧合的是,林政則的女兒林貝珊終身大事也在今天舉行,對於唯一的女兒出嫁,他一直採低調處理,今天為帆船婚禮的新人完婚後,立即趕回家主持自己女兒的婚禮,讓帆船婚禮的新人及其親友都表示非常的感動。
Neutral	兒子	前總統陳水扁兒子、高市議員參選人陳致中競選總部今天成立,多名民進黨民代及黨部要職與陳致中同台造勢,遭外界質疑違紀助選。
Positive	妻子	王和盛上午由妻子照料下搭機到金門,先安排到署立金門醫院觀察,隨後在下午2時,由金門縣紅十字會總幹事陳忠飛及2名志工護送,搭乘金廈航線客船「五緣輪」前往廈門五通碼頭。
Propn	兄弟	發行的華納兄弟電影台灣分公司今天表示,歷經三十多年,美國知名2D動畫捉鬼英雄「史酷比」 (ScoobyDoo),終於變身成3D並轉戰大銀幕,在美上映首週更創下五千六百萬美元的高票房。
Neutral	哥哥	他雖沒有上過電腦課程,但從父親8年前購買1部電腦給哥哥「玩」的過程中,他邊看邊學,竟無師自通,不僅會操作電腦,更學會如何組裝,電腦的大小事均難不倒黃識旗。
Neutral	儿子	”“也没想着是赶什么时髦,就是小时候每年过年都穿这个,今年就带儿子尝尝鲜,让他体验一下我小时候过年做新衣服时兴奋的感觉。
Neutral	丈夫	判決書又引述高瞻的丈夫薛東華指出,高瞻在與李少民相識後,將曲煒提供的資料交給李少民,高瞻說她給了曲煒約十萬元人民幣。
Neutral	丈夫	哈布里女士和她的律師柏狄耶拉,近三年來一直在查訪一九九二年失蹤的游擊隊丈夫維拉斯格,但搜尋其夫的舉動導致她與瓜地馬拉勢力龐大的軍方直接對抗。
Neutral	哥哥	金健模在螢幕上真情喊話說:「真熙呀,瞭解了哥哥後,就知道我是很好相處的人。
Neutral	媽媽	吳媽媽也哽咽地感謝各界的愛心;吳爸爸則說,冠億畫展能呈現大家眼前,是各界對冠億支持及關懷的結果。
Positive	儿子	自从费俊龙成为中国首批航天员中的一员时,老人就期待着儿子能早日一飞冲天,为中国的载人航天事业做出贡献。
Positive	婆婆	瑪莎的媳婦尼娜說,這些菜都是她跟婆婆一起種的,野菇炒馬玲薯這道菜還是瑪莎結婚前媽媽教的手藝,現在已成為她們的家傳口味菜,據悉,這道菜芬娜(蔣方良女士的俄文名字) 最喜歡吃。
Neutral	女孩子	关于婚姻有这样一种说法:不少男孩子希望娶个像妈妈的姑娘,女孩子则倾向于嫁给一位像老爸那样的男人。
Negative	妻子	市委員會的聲明指出,由於民進黨高雄市長候選人謝長廷替惡魔陳進興的妻子張素真辯護,民調顯示已失去高雄市婦女選票支持,且最近又有「台灣之聲」電台負責人許榮棋在「真相新聞網」節目中質問謝長廷有關侵吞各界捐款綠色和平電台新台幣五千萬元,以及早年曾充當調查局「抓耙子」誣陷文化大學前美術系主任許坤成一事,民進黨陣營為了轉移焦點、模糊視聽,才藉陳春生公布變造的錄音帶抹黑吳敦義,以離間支持吳敦義的婦女票源。
Neutral	父親	彭姓男子的女兒,原本和父親約在徐國禎律師事務所見面,因其父無故失蹤,懷疑遭人挾持,即向一分局北門派出所報案。
Neutral	儿子	在他的影响下,他的儿子、女儿也都从事五音戏的演出及研究。
Positive	妻子	2009年5月8日,领了结婚证却一直没来得及办婚礼的牛玉新和妻子张雅斐来到旧县村,在全村1800位父老乡亲的祝福声中,举行了婚礼仪式。
Neutral	妻子	前副總理安華在被巫統開除繼受逮捕審訊期間,已宣佈脫離巫統 (亦即國陣) ,加入由其妻子領導的公正黨,原本傳言他將競逐檳州峇東埔國會選區,惟經過再三考慮仍放棄他的衛冕戰 (他是峇東埔區國會議員) ,因為他的複雜官司,隨時都可能受選舉訴訟挫敗而犧牲公正黨寶貴的一席。
Neutral	弟弟	台一線省道南下三百六十二點二公里高雄縣橋頭鄉、岡山鎮交界處南下路段上午發生重大車禍,重傷昏迷的李全勤、許來興經手術後在加護病房觀察,另三位受傷者金德信、何昆衛、許來瑞住院治療,死者是何昆衛的十八歲弟弟何建華。
Other	妈妈	据专家介绍,这项技术使羔羊1月龄排卵,6月龄就可做“妈妈”,不仅可充分挖掘和利用优良母畜早期繁殖潜力,大大缩短了世代间隔,加快育成进程,而且为动物克隆、转基因等胚胎工程研究提供所需的卵母细胞和胚胎的来源,促进胚胎工程的发展,同时也为扩大奶源、解决奶源不足,提供了一条新的技术途径。
Neutral	儿子	“1998年我的大儿子受伤住院欠下不少外债,原本不富裕的生活变得举步维艰。
Negative	女兒	被控在新加坡賭場偷籌碼的邱女今天上午出庭,由於偵訊中精神狀況不佳,法庭決先移送醫療評估;而邱母也趕赴法庭旁聽,並泣訴女兒病情不穩,早知道就不同意到新加坡工作。
Positive	母親	澄清湖風景區傳習齋今天一大早就出現人潮,許多民眾幾乎全家出動,阿公、阿嬤也參加,主辦單位贈送母親們康乃馨,大家除了觀賞合辦單位的各項表演外,小朋友參加繪畫比賽,媽媽、兄弟姊妹一起幫忙,提供意見,有獎問答攤位前更是熱鬧,其他攤位則提供小吃、飲料,讓大家大快朵頤。
Positive	父親	派坦表示,他不知道尿片要多少錢?也不知道將來要如何養育麥絲?他自己事實上沒有什麼零錢,偶而父親會給他10英鎊(約新台幣490元)。
Neutral	女儿	父亲叶国才不得不偷偷为女儿联系工作,准备让她改行。
Neutral	女兒	林昭賢的女兒林奕華獲得國民黨提名,首度參選台北市議員,林昭賢卯足全力為愛女輔選,日前為女兒舉辦募款茶會,還遭台北市一所私立學校校長舉發,由於民進黨立委葉菊蘭在國賓飯店辦募款餐會且一張餐券新台幣一萬元,還引起是否綠色恐怖的爭議。
Neutral	女孩	上述女孩的骨髓幹細胞在本月二十五日取出,植入能夠抗愛滋病毒的基因後,於本月二十八日移回體內。
Negative	女人	對於自己的遲到,一向以儀態和答覆合宜著稱的林志玲,趁著在談到手錶和女人的關係時,向大家道歉。
Neutral	女孩	陳癸淼表示,九月四日有三個駐日美國大兵強暴日本女孩,結果美軍在日指揮官與美國國防部長立即向日本道歉,反觀我國部隊中死了那麼多人,國防部長卻從未表示任何歉意。
Propn	儿子	作为献礼的影片还有抒写领袖胸怀的《毛泽东和他的儿子》、歌颂中国共产党诞生、崛起的《开天辟地》等,以及正在拍摄中的《周恩来》。
Neutral	母親	一位母親透過母子生活VCR表達社會因不瞭解星星兒所產生的誤解,例如以機車載孩子出去,孩子太過動,會在機車上叫囂,路上行人或機車騎士常常不瞭解而一路追罵質疑她是怎麼教小孩的;又如孩子夜間會喊叫、自己撞地導致身上多處瘀傷,鄰居會檢舉她涉嫌虐待兒童、影響住戶安寧等,社工人員來訪才知道是自閉症的問題。
Other	母親	他說,「台灣啊,我的母親,祈求您繼續賜給我們力量。
Positive	丈夫	(记者杨元勇赵颖赵锋)今年36岁的维吾尔族妇女布札娜卜・奥斯曼是两个孩子的妈妈,按照中国对少数民族制订的生育政策她可以生养三个孩子,但去年她在丈夫的支持下自愿做了绝育手术。
Propn	兄弟	兄弟象隊今年商品走精緻化路線,球季初推出的球員與狗月曆,掀起第一波搶購熱潮,開幕戰當天創下單日二十五萬元的營業額;緊接著推出的隊歌CD,職棒十二年總冠軍電話卡都熱賣。
Neutral	女兒	病童的母親普拉白 (PRAPAI SRISOOK)也指出,她的女兒沙麗雅(SARINYA)因罹患庫利氏貧血,送往沙繳省立醫院治療多年,需要經常輸血,日前一醫師證實她的女兒早在四年前就感染愛滋病毒,不幸於去年喪命前已經失去視力。
Neutral	父親	據中國媒體報導,上海一位13歲的女孩為了捐肝給她得到癌症的父親試圖自殺,目前生命垂危。
Other	母亲	一些参赛选手和观众表示,自己能在异国他乡有这么好的学习环境,并时刻能得到祖国政府的关心,将来一定要用知识来报效祖国母亲。
Neutral	兒子	行政院長郝柏村今天在立法院答復立法委員鄭余鎮質詢時表示,他的兒子到大陸是參加國際性學術活動,沒有參加任何政治活動,也未和中共官方作接觸,他更沒有給他兒子任何任務。
Propn	兄弟	李門兄弟公司首席經濟專家瓊斯表示:「減稅仍是暫時性的,而非永久性,且沒有基本的稅制改革。
Negative	男孩	來自英國倫敦、現居香港的巴特爾說,恐怖份子當時盤問他們,誰拿美國或英國護照,目標顯然是外國旅客,「他們非常年輕,真的還像男孩,穿著牛仔褲與T恤」。
Positive	父亲	他表示,4月4日是农历二月二十八,是华人传统节日清明节,也是他父亲林梧桐的生日,纪念堂此时落成,是为了缅怀林梧桐艰苦创业的奋斗精神。
Positive	父親	許多模範父親還是全家總動員,一起來分享喜悅。
Neutral	妻子	他立刻用手机联系上远在加拿大的妻子,妻子怎么也不相信中国的手机用户已经上亿,“祖国的变化之快,超出了我们的想象。
Neutral	女儿	有一次,古广明的女儿在德国患病,施拉普纳十分关切地给他打电话询问病情,还帮助请来了医生。
Neutral	女孩	目前协会已在世界各地建立了450多个续修机构,已收到世界各地120多万孔子后裔的资料,证实孔子后裔已繁衍到83代,辈分最小的是“念”字辈的一名10多岁的小女孩,现在在辽宁省。
Neutral	兒子	國策顧問、前高雄市長王玉雲今天表示,他的兒子王志雄不可能入主市府擔任副市長,也不會積極爭取,不過,他不排除王志雄朝向議會之路發展的可能性。
Neutral	兒子	知名反戰人士也會參與示威,其中包括反戰媽媽希恩,希恩的兒子在伊拉克戰爭中喪生後,她就在布希德州農莊外埋鍋造飯,紮營不去,矢言反戰到底,引起國際矚目。
母親	連日來受到社會各界高度關切的台北市五名幼童遭母親溺斃的人倫慘劇,全案到今天暫時告一段落,市府社會局今天會同警方將幼童父親移送療養機關鑑定,以決定是否進一步予以精神方面的治療。
女孩子	對於愛情的期待,劉德華說,愛情是在於那一剎那瞬間的感覺,問世間男女到底什麼是愛,往往難以言說形容,但他說純真、自然的女孩子,才能讓自己有心動的感覺;他還說,很多女生都讓他很喜歡,但拍戲太忙,常常沒有時間進一步交往,因此說他今年要結婚可能還太早。
妻子	六四之前就被當權派關押的前中共政治局常委會政治秘書鮑彤,其妻子最近上書中共中央,要求依法進行公開審判。
爸爸	8岁的王韬说:“好爸爸要按时回家,帮妈妈做家务。
爸爸	她的父母介绍说,女儿的中文进步很快,如今刚学习了两年汉语的她已经可以作爸爸的中文老师了。
男人	她若有所感地認為,在台灣電影業,仍然是「男人的地方」,縱然經過這麼多年,女導演表現的機會還是遠不如其他行業傑出女性多;黃玉珊說電影是綜合政經、意識型態、科技商品,女性工作者往往是「吃力不討好」,在社會、電影市場不支持下,女性光靠獨立作戰,往往是被犧牲的一群,在拍片時,她看著眾多的男性工作者,真的覺得有點孤單。
兄弟	朴柱奉和金文秀在男双决赛中,以15:8和15:11战胜马来西亚的拉西夫・西德克和贾拉尼・西德克兄弟俩。
媽媽	基隆市政府表示,由於大家很熱烈支持親子植樹活動,因此市府展開推動「為媽媽種一棵感恩的樹」活動,希望透過這一個活動,能夠發動大家在自家住宅、社區四周,植樹、種花、舖草、綠化美化我們的環境,提升居住環境品質,以達到「住宅區生態自然化」的目標。
妻子	林耿輝的家人包括父母、妻子及妹妹,上午乘搭華航飛機抵港,家人手捧死者的遺照,由機場到紅磡世界殯儀館殮房認屍,一路上都有華航人員陪同。
女孩	来自北川县曲山小学的10岁羌族女孩邓林玉给人民医院全体医护人员写了一封感谢信。
女兒	另外,希拉蕊昨天對上海婦女協會發表演說,敦促大陸婦女疼愛、珍惜女兒,如此才能夠使她們自己進步、推動家庭成長,也促使她們的國家向前邁進。
母亲	短短几个月内,福利院来了许多“妈妈”,“她们”不仅承担起孩子们的生活和学习费用,而且许多人还将残疾孤儿接到自己家中度周末、过生日,让孩子们享受母亲般的爱。
兄弟	孔达表示,赞中两国关系友好,赞中两国人民亲如兄弟。
母親	張氏三兄弟在父親張明輝、母親蘇亭竹陪同下,一月二十日自台灣抵達明州,接受半年至一年的療程。
妻子	尽管他妻子说不让他再去非洲冒险,但内亚古表示,他打算在国内休整十来天后重返尼日利亚,因为要履行自己签订的工作合同。
女兒	位於苗栗縣公館鄉五穀村1棵百年老榕樹,因道路拓寬面臨移植,當地鄉親不捨,決定以嫁女兒方式辦理移植活動,今天先動工截枝,明天準備以八音古樂演奏送別老樹。
媽媽	「別人看到報導會以為我很兇似的,還好我媽媽沒看到,不然連她也會以為我好像很兇」,楊乃文抱怨歸抱怨,但她對於李雨寰的音樂卻是很提攜,明晚她與The Monster將在台北@LIVE PUB演出最後一場,就邀請李雨寰參加。
母亲	“每年我和家人都会来湄洲祭拜妈祖,”20日一大早,福建莆田湄洲妈祖庙前朝拜进香的人潮涌动,来自菲律宾马尼拉的华人杨琨琦手捧着一座妈祖像告诉记者,“这是我几年前过世的母亲留下来的,每年我们都要来湄洲,送家里这座妈祖神像‘回娘家’”。
哥哥	后来,由于哥哥张道明的坚持,父母想法筹到了一笔钱,她终于又回到了学校。
父親	霍德受到總統歐巴馬賞識,兩人更有諸多相似人生經驗,父親都來自非洲,霍德的父親是從巴貝多(Barbados)移民美國。
儿子	要是其他的孩子也病了,我真不知道该怎么办了!”目前她一家9口人的生活靠丈夫和一个11岁的儿子在外面擦车赚钱维持,微薄的收入勉强够一家人吃饱肚子,根本无力负担高昂的医药费。
妹妹	全國各地許多民眾關心小妹妹病情,加護病房外祝福的卡片和花束、網路上留言及如雪片般的信件,每天都有許許多多的人在為小妹妹加油和祝福,即使再遠,都有人會把他們祝福的心情,送來讓小妹妹知道。
丈夫	」泰莉丈夫麥可的律師費洛斯告訴記者,拔管過程在「禱告聲中非常平順地完成」。
女人	根據英國的一項新研究,一部分是由於尿道細菌感染這種性傳染病增加,一部分是因為延後生兒育女的趨勢,身受可能危及生命的子宮外孕之害的婦女人數已創下空前紀錄。
女孩	昨天又爆發五十二歲有戀童癖及同性戀傾向的哈德森,曾因不當持有猥褻的男童照片被定罪,但獲得前教育部長莫瑞斯同意,前往女子學校任教,因為部長認為哈德森「對小女孩沒有性趣」。
母親	今天的是母親節,作家譚恩美推出散文集「繆思文集」,其中有很多譚恩美對母親的懷念,如撰寫母親祭文時的想法,母親所遺留的影響;還有收錄譚恩美在美國各大學府的演講稿等。
儿子	塔尔塔利亚的父亲说:“虽然我们全家都投中左联盟(意大利反对联盟)的票,但我儿子从不仇视总理,更无意参与政治,他还是世界自然基金会的志愿者。
男人	接下來的鱷魚岩、坦克岩,岩上長滿青草,常見成群山羊在吃草,好不悠閒快活,而朗島村裡常見房屋埋在地下,是島中典型住屋,許多穿著丁字褲的男人與衣不蔽體的婦人穿梭,形成奇觀,母雞岩、青蛙石、雙獅岩、情人洞栩栩如生,蔚為勝景。
母親	新郎這邊是高城的父母親與經紀人等相關人士。
父親	王哲明供稱,他父親中風,祖父是植物人,又染有毒癮,生活陷入困境,才鋌而走險犯案,羅安南分得贓款較多,並覺得被羅安南利用。
女儿	杰克逊一再表示,还需几周考虑是否再掌湖人教鞭,可无论从他与球队老板巴斯家的关系(注:巴斯的女儿是杰克逊的女友),还是看着自己弟子逐渐成熟起来,他选择继续执教湖人顺理成章。
儿子	刚开始,他做一些小生意,后来两个儿子从上海一家美容美发专业学校毕业后,他把两个儿子接到拉萨,并开了现在的这个理发店。
兄弟	他说:“党和政府对我们很好,房子是政府修的,还通了水电,家具、被子也是政府给的;这里的汉族兄弟对我们也很好,我们的孩子在这里上学的费用要比汉人低一半。
兒子	至於邵志豪的去留,邵仲安表示只能提供建議,由兒子自己決定,邵志豪考慮很久還是決定要到外國去。
丈夫	高雄市警察局祕書室女工友陳素蘭涉嫌向一百餘名市警局同事倒會新台幣三千餘萬元,被警方函送法辦,高雄地檢署昨天傳訊被告陳素蘭,但陳素蘭未到案,她的丈夫也不知其去向,相當擔心她的安危。
女儿	2005年12月,伊斯兰会议组织首脑会议就反恐、人权、机构改革、发展、经济合作、帮助非洲成员国减贫、教育和妇女儿童问题等制定了10年行动计划。
兒子	台南市安南區昨天晚間發生兒子砍殺父親,父親掐死兒子的悲劇,兒子顏偉盛今天不治死亡,父親顏金龍被依過失致死罪嫌移送法辦。
儿子	据外电报道,中场好手齐达内和他的妻子韦罗尼克已经有两个儿子,他们正在迎接他们的第三个孩子出世。
妹妹	妹妹身上穿的黑色汗衫已旧得泛白,袖子上各有一道长十几厘米的破口;印着大朵向日葵的紫红裙子上也沾满尘土。
儿子	女儿14岁,她最小的儿子才6岁,3个孩子都在加沙出生、长大。
妻子	前新新聞周報記者李濠仲隨著外交官妻子暫居挪威,並重操舊業,在挪威當起記者。
妻子	鈺創科技董事長盧超群及妻子廖淑娟被控內線交易案,台北地方法院今天以檢察官起訴事證無法證明構成內線交易,判2人無罪。
爸爸	“没有中国爸爸一直以来对我无微不至的关怀,我就没有今天的好生活。
父親	韓長恩並對南韓「最近的行徑」加以抨擊,表示北韓新領袖金正日目前健康狀況「非常好」,正在執行與他父親金日成一樣的職務。
兒子	周志浩表示,宜蘭縣衛生局人員為了大眾健康積極任事,卻因此被打傷,「此風不可長」,疾管局已要求宜蘭縣衛生局就染肺結核婦人四處趴趴走涉公共危險部分及婦人兒子傷人、妨害公務部分蒐集資料,蒐集完成後就移送司法偵辦。
弟弟	他在前来成都探望弟弟的同时,开始着手联络国际SOS救援中心,希望能获得包机接弟弟到台湾大学附属医院进行手术。
女兒	海水退去後,吳仙珍急著找家人的身影,但始終找不著丈夫和兒子;吳仙珍女兒則在海嘯發生後隔天凌晨被尋獲,當時還活著,只是頸部被水中的物體撞傷,不斷流血、生命垂危。
女孩	中新社報導,與以往不同的是,時下在街上露面的口罩,已不再是單純的白色,橙紅、亮黃、天藍等亮麗色彩成為愛美女孩的首選,甚至還出現一些可愛的卡通形象,諸如頑皮的史路比、笨拙的維尼熊等。
媽媽	華航CI611 罹難者鄧華平嫁給台商並住在廣東,這次與先生帶女兒回台灣打疫苗,不幸在二十五日返回大陸時,三人都搭上華航飛機罹難,平時與鄧華平同住的媽媽與住在江西的爸爸及兩個弟弟已從大陸趕到台灣,今天上午到澎湖認屍,鄧媽媽不斷哭泣並用家鄉話直喊「心肝寶貝」。
妻子	中華民國法務部特偵組已向陳致中及其妻子黃睿靚發出傳票,將於九月初定期約談。
母亲	莱拉说她母亲将临场给她助威,她母亲维罗尼卡是阿里前前后后四个妻子中的第三个。
女兒	狄卡表示,這名勞工連年僅六歲、十歲和十二歲的未婚小女兒也不放過,因為他擔心她們會步上大姐的後塵。
女人	候選人陳麗貞表示,她非常感謝鄉親在她跌倒的時候給她溫暖,從這場選戰,可以看出女性的毅力、耐力,也可以見證二十一世紀是女人的世紀。
妻子	這次台灣首次舉辦戒菸就贏比賽,彰化基督教醫院的蔡金宏醫生和見證人蔡碧如幸運抽中大獎,可獲獎金六十萬元;二獎由彰化縣的張志亮和妻子吳玉緞獲得,獎金四十萬元;三獎獎金是二十萬元,由台中市的陳瑞宏和見證人卜慶銣獲得。
兒子	百姓公廟附近的民眾表示,賴姓老翁天天睡在廟旁邊的石椅上,賴姓老翁的兒子偶爾會送飯來給他吃,也有居家服務員固定來探視,轄區秀水分駐所1名柯姓員警巡邏經過,有時也會塞錢給他或買東西給他吃。
女兒	準媽媽傅娟和湯志偉的太太黃琴伶(Irene)今天在中山醫院和大家分享自己的寶寶在肚中成長情形,傅娟說,她看到影片中的女兒娜娜感動得好想掉眼淚,Irene表示自己雖然也是醫生,不過成了大肚婆一樣瘋狂。
女兒	在今天記者會中,影片中飾演小雅父親的演員艾偉以自己女兒為例,說明平常注意女兒上網情形,並教導應尊重他人隱私;主角阿Ben說,昔日求學過程中,經常耳聞同學被欺負經驗,因此希望透過「薔薇騎士」影片宣導,終結霸凌事件。
哥哥	退出國民黨立委提名初選並宣布參選立委到底的張榮味胞妹張麗善則表示,雖然搜索已造成傷害,但是她相信自己的哥哥是清白的,希望雲林縣民站出來相挺。
女儿	在确信彻底排除危险后,戴维才敢将女儿抱在怀里。
兄弟	罗照辉说,巴基斯坦政府和人民的支持真正体现了牢不可破的中巴兄弟友谊。
丈夫	提款卡經警方連日調查,並沒有遭人冒領,市警刑警大隊長胡木源說,提款卡最後一次交易是前年十一月三十日案發當天在台北松山機場提款機提領,後來即被彭婉如丈夫洪萬生止付,並沒有再發現有任何提領資料。
女兒	出版「向前走吧!我的女兒」一書中文版的台灣東販股份有限公司總經理片山成二表示,非常感謝中華民國唐氏症基金會引薦這本書的日文版,此外,希望透過出版中文版喚起台灣社會對唐氏症的重視,也鼓勵唐氏症兒家長不要放棄。
父親	那時候,他的父親、老布希總統,還有母親、妹妹都已經在北京了。
母亲	一旦母亲病愈,是不是要立即恢复母乳喂养?池之上由纪子说,这要看母亲的意愿。
女孩	“如果选出的漂亮女孩只能做‘花瓶’,或给人充当玩物,那的确是对女性的极大污辱,”哈尔滨新丝路职业模特培训机构负责人李书昆说,判断选美比赛到底是好事还是坏事,关键要看选完了把“美”用在什么地方。
弟弟	蘇頂立向海巡隊表示,蘇頂志單身,兩人很少來往,他不知道弟弟為何原因跳海。
母親	母親節就要到了,單親媽媽愛彌亞(Armia Nemenc-ia Panagli)在菲律賓的4名子女在獲知愛彌亞能免於槍決之後,直呼這是台灣司法當局送給他們母親的最佳禮物。
女孩	他首先在羊身上试验成功,在1994年4月他第一次发表在动物身上做这种试验的报告时,他已将一位女性病人的卵巢冷冻储存,目前他已对四位女病人做了这种手术,其中包括一个患肾癌的3岁女孩。
女儿	作为中国政府负责实施《中国妇女发展纲要》的专门机构,国务院妇女儿童工作委员会的地位和职能5年来不断得到加强,成员单位由1998年的28个增至目前的32个,几乎所有的国务院职能部门都是其成员单位。
母親	縣府社會科呼籲指出,由於棄嬰臍帶上留有夾子,應可查出有關線索,因此希望嬰兒的父母親人能趕快出面領回,否則將依遺棄罪及違反兒童福利法究處。
母亲	在下班回家后,妇女们更愿意承担起作为母亲的责任。
父親	中央健康保險局除了辦理醫療業務外,也致力推銷預防保健工作,健保局中區分局今天就在台中市舉辦慶祝父親節的親子活動,藉以推銷健康保險的重要性。
丈夫	康泰醫療教育基金會八年前為乳癌病友成立的「少奶奶俱樂部」,今天八週年慶,一共有數十位病友出席,不少病友的丈夫也陪同前來,病友在此慶祝重生,也分享感恩的心聲。
父親	英國報紙五月間曾報導,二十一歲的雀兒喜曾接受牛津大學的老師面談;這項報導引發了有關她將在今秋到父親母校就讀的傳聞。
父亲	如中国少年儿童出版社出版的《百年小平―邓小平的故事》,四川少儿出版社出版的《青年邓小平》,中央文献出版社出版的《我的父亲邓小平》(彩图版)、《世纪伟人邓小平丛书》(小学、中学读本)等。
男孩	而就在阿拉法特和裴瑞斯見面晤談的同時,以色列部隊在距阿拉法特--裴瑞斯會談僅數哩之遙的一處巴人難民營,射殺了一名巴勒斯坦十六歲男孩,另射傷十一名巴人;另一方面,巴勒斯坦民兵也爆破炸毀了一處以軍碉堡,並射傷三名以兵。
婆婆	蘇嘉全上午十時身著李昆澤競選背心,陪同李昆澤在鼎新市場向婆婆媽媽尋求支持,李昆澤表示能體會菜販的辛苦,不忘爭取支持,盼菜販也能抽空投票,支持他連任。
兒子	「名偵探柯南-戰慄的樂譜」首映會今晚在高雄市華納威秀影城登場,招待三十位無障礙協會小朋友觀賞,台灣無障礙協會去年愛心媽媽得獎者柳美桂女士偕同視障兒子吳杰特,到場演奏二胡,譜出生命樂譜。
女人	朴宣英認為,女人最美的就是一頭長髮,她的長髮一直捨不得剪。
女兒	至於他們兩人是否結婚,作女兒的並沒聽說,也無意過問。
父親	許多員工無奈表示,資方惡意關廠,實在無法令人信服這是一家在台灣創業多年的上市公司,其中,親民黨籍立委謝國樑的父親謝修平在八十三年間入主大魯閣,公司開始連年虧損,如今惡意關廠,實在令人寒心。
妈妈	要不是妈妈一口气背我到医院,医生及时给我打了救命针,差一点就没有我了。
父親	由於台東地區也有不少的榮民同胞,連戰也向大家說明,他的父親曾參與抗戰,官拜陸軍少將,所以,他也是最資深的榮眷,對榮民的照顧當然不遺餘力。
妹妹	信義警分局偵查隊長蘇哲平表示,根據媒體報導東京警視廳的調查結果,這名行竊的男子,不論從外貌、不流利的英文、搭訕女性路人擔任陪購人、購買戒指的原因是要送給妹妹當生日禮物、做案後獨留陪購人在店內等手法,幾乎與先前東京發生的珠寶竊案一模一樣。
女兒	葉翎摟著一個女兒,女傭也摟著葉翎的另一個女兒,女傭本人已身懷六甲,因此現場等於發現五具屍體。
丈夫	許多婦女認為,嫁雞隨雞,嫁狗隨狗,丈夫怎麼對待她都得全盤接受。
女兒	陽婦向警方供稱,當晚嬰兒車旁有女兒吃剩下的麵包,口中也尚有麵包,當時她和丈夫以為女兒是被麵包噎死,於是報警處理。
父亲	汉图楚娃在进军职业网坛前曾就读于斯洛文尼亚最好的中学,她的父亲是计算机专家,母亲则是毒物学者,哥哥是建筑师。
妹妹	美國熱門嘻哈男歌手尼力原本正在舉辦個人巡迴演唱會,因妹妹賈桂琳唐納修二十四日突然因白血病過世,得年三十一歲,促使他臨時宣布取消演出場次,趕回聖路易老家去陪家人,並且協助處理妹妹的後事。
母親	她曾負責調查拉法葉艦採購案等多起重大社會案件,在女兒眼中是「文武雙全」的母親,更是寵先生的客家妻子。
妻子	林清德的妻子張慧玲表示,最近林清德的身體狀況並沒有特別不適,而且林秉宏兒童安全基金會的工作才有進展,應該不會厭世。
女儿	“我并不要求女儿献多少,只要她懂得给别人奉献一份爱心就行了。
妻子	警方調查,二十八歲的陳俊穎與妻子陳淑玉 (二十五歲) 目前已分居,九月二十四日凌晨二時左右,趁妻子睡覺時,前往嘉義縣新港鄉妻子住處,將她所有的車號M8--三0一二自小客車開走。
兒子	石老先生因兒子入獄、媳婦離家,他必須扶養高齡老母和兩個孫子,老人年金加上相關社福補助,四人一個月僅一萬多元生活費,由於生活拮据,瘦弱的兩個孫子無法常吃魚,也沒錢唸幼稚園。
女兒	林家姊妹的母親方素敏上午表示,雙胞胎女兒的生命雖然只有短短六年,但她們的生活很快樂,沒有煩惱;她希望當年雙胞胎的老師、奶媽、同學及所有關心她們的阿姨叔叔,當天一起來參加追思會。
女孩	在三千五百多位申請者當中,獲選入學的一百五十二名年齡在十一歲與十二歲之間、出身貧苦家庭的女孩,從制服到營養午餐通通都由這位女星全額招待。
妻子	由於劉守智的妻子韓女士過度哀傷,精神狀況不佳,加上地方醫院沒有冷凍設備,外交部指示周秘書全力處理遺體後送回馬國首都事宜。
妻子	虽然对广州已经非常熟悉,但曾广盛还是和妻子认真地把线路介绍看了一遍。
母亲	帕图利杜生于希腊的弗洛里纳,现在居住在塞萨洛尼基,是一个孩子的母亲。
弟弟	著名小儿心脏外科专家丁文祥教授说:“在生命体征平稳的前提下,弟弟的心脏病矫治手术最好延迟进行。
哥哥	老翁拂髯介绍,他是江西 临江人,18岁时为逃官府捕捉,与哥哥一起逃学到常山,和姑夫学起了做馄饨的手艺。
母亲	郭振林夫妇家有一位80多岁的老奶奶、父亲、母亲,还有一个14岁的儿子。
丈夫	為讓性侵害疑雲的真相得以釐清,汪鳳英的丈夫林璟舜與林憲同下午二時四十分抵達台北地方法院遞狀自訴,不過,汪鳳英因身體不適未現身。
兒子	七十五歲的曹媽媽表示,阿勇在二十五歲的那一年和朋友騎機車出遊一夜未歸,她在煩惱了一個晚上後,第二天接到電話才知道兒子出了車禍,右半邊身體完全癱瘓,她完全無法接受這項事實。
岳父	布吉納法索駐台參事杜雷、外交部官員以及連加恩的妻子、父母和岳父母也都出席了試片會,一起分享上片的喜悅。
兒子	金酒公司與亞洲酒品公司合作研發三十八度高粱酒弊案,檢調單位經過長達半年的調查、蒐證,估計涉及的官商勾結利益輸送、收取回扣等不當得利逾五億元,因此,檢方今天聲請將金門縣長陳水在兒子陳宏仁、金酒公司總經理辛寬得、研發組代組長王偲名、亞洲酒品公司負責人吳學良、副總經理李增欽等收押禁見獲准的同時,並針對具有監督金門縣政府的縣議員進行約談,追查有否利用職權故意放水以換取好處。
女兒	費爾特密友拉加德於二00二年告訴費爾特的女兒瓊安,費爾特已透露他就是水門案的消息人士,家人才知道費爾特的過去。
兒子	曾任台北市警局大安分局局長、基隆市警察局局長,以三線二星退休的陳秉三,昨晚在台北市瑞安街為兒子舉辦結婚宴會,晚間十一時左右返回位於忠孝東路四段的住家,發現住家大門門鎖遭破壞,損失部份財物,隨即向轄區大安警分局敦南派出所報案。
女儿	由国务院妇女儿童工作委员会办公室、中国儿童中心与联合国儿童基金会日前公布的中国流动儿童状况抽样调查结果显示,中国流动儿童的失学率达9.3%。
姐姐	而兩兄弟的姐姐正是老人基金會的秘書長甘玉玦。
丈夫	這名馬其頓裔妻子將丈夫的最大屍塊扔入垃圾箱內,隨後被運往焚化爐焚毀。
女兒	謝秋美是茂林鄉魯凱族中唯一製作琉璃珠的原住民工藝家,她很高興女兒有興趣傳承,也希望女兒能利用所學的理論及技藝讓琉璃珠發揚光大。
男人	土耳其伊斯坦堡美利堅醫院婦產暨試管嬰兒科主任烏魯曼今天表示,該院明年將成立一所根細胞複製實驗室,複製出來的根細胞將以轉移方式,用於治療帕金森、老年痴呆症、糖尿病與男人性無能等。
妻子	雖然調查員要求土銀信義分行行員不得告訴當事人或其他人,調查局調閱李清泉夫婦帳戶資料,但行員仍在調查員離去後,立刻打電話給李清泉妻子楊梅,但所有談話都被調查局監聽錄音為證。
爸爸	愛買量販店指出,很多子女想到送爸爸禮物,首選多是刮鬍刀,建議選購時,除了必須刮得乾淨、舒服外,應注意把握是否符合人體工學、充電快速、容易清洗,店內目前特惠商品有SANYO電動刮鬍刀,以及水洗式、可外出旅行隨身攜帶的PHILIP水洗式雙刀頭電鬍刀。
兄弟	“在这次救援行动中,巴基斯坦上至总统、部长,下至平民百姓,都一再表示中国兄弟的困难就是他们的困难。
弟弟	鴻海集團董事長郭台銘提到他的弟弟郭台成,難掩喪弟之痛。
女人	陈阳春在台湾素有“水彩画大师”的美誉,研究水彩画艺术创作40多年,独创“迷离梦幻”技法和“飘逸出尘”的画风,将传统东方抒情气韵融入山水风景、仕女人物画中。
兄弟	中元普渡將屆,許多寺廟、社區,甚至大型公司行號都將按照民間信仰舉辦普渡祭典,為避免大量焚燒金銀紙錢造成空氣污染,台北市政府民政局今年首度與寺廟、社區、市場及民間團體合作,將紙錢送往北投焚化爐集中焚燒,以達成把「紙錢燒乎好兄弟,不要污染好鄰居」的目標。
弟弟	瓦倫西亞的弟弟原任地方檢察官,但昨天因治安單位查獲一捲錄音帶,證明他與綽號「唐馬里奧」的毒梟蘭登有勾結的情事而遭解職。
女孩	热情好客的世博会沙特馆馆长哈密德·哈山向与他合作演出的中国8岁小女孩潘思羽赠送了一张签名版的沙特风光明信片,象征友谊地久天长,并希望她“有空去沙特看一看”。
男孩	成功將「新好男孩」轉化成漫畫英雄的幕後功臣,便是漫畫「蝙蝠俠」、「X戰警」的原創者史坦李。
丈夫	這名婦女受驚嚇的丈夫雖緊急呼叫救護車,但急救人員趕到時已回生乏術。
儿子	最后,周默把周吕鑫叫到跟前,给儿子下了最后通牒:如果不想去体操队,就离开体操队回来认真读书,以后就再也不去练体操了;如果要继续练下去,就不能怕吃苦,必须要坚持下去。
兄弟	叶坪乡农民邱根宝、邱石发兄弟俩,利用自己掌握的瓜果脱水加工技术,投资35万元,在深圳办起了年产值可达50万元的“食品开发公司”,既富了自家,又开辟了本县大量桃、李、梅等瓜果的销路。
妻子	驻海南特区部队有107名基层干部的妻子在优化组合中下岗,通过教育,这些干部都能以事业为重,正确对待个人和家庭困难,安心工作。
丈夫	喻君志說:「我認識張要娥很久了,她是長壽鎮邵陽村的人,我以前與張要娥的兒子和丈夫都很要好,經常去她家玩。
兒子	嘉義市前市議員鄭秀英被控為去年參選市議員兒子賄選案,嘉義地檢署依違反選罷法起訴;審酌被告多次傳喚均逃匿未到,毫無悔悟,建請求刑7年6個月,併科罰金新台幣800萬元。
父親	判決書中指出,陳姓男子在民國八十七年到八十八年間,連續在住處有多次強暴得逞親身女兒的紀錄,被害人因為父親好言相勸下而順從,一直到去年七月,被害人告訴繼母後案情才曝光。
兄弟	据土耳其NTV电视台报道,这4名儿童是两兄弟和两姐妹,年龄在6至15岁,在出现高热、咳嗽和咽喉充血等症状后住进土耳其东南部凡省的一家医院。
母親	台中縣警察局今天下午在警局中正紀念堂,舉行慶祝八十三年警察節大會,由警察局長別棟甫主持,會中表揚了績優、資深員警及司機、工友,績優警友、義務消防人員及模範母親等,場面熱烈溫馨。
妻子	大陸工運領袖暨著名民運人士劉念春的妻子儲海藍今天表示,身上帶病的劉念春已經展開絕食示威,抗議黑龍江勞改隊當局刑求並威脅將他的三年勞改教養徒刑予以延長。
女兒	另外,朱梅麟的女兒朱志筠也是個佼佼者,台灣大學外文系畢業,曾是中華民國第一任僑選立法委員,嫁給上海籍的香港染料大王,後來是模里西斯派駐中國第一任大使,已經六十多歲的她目前長住中國,世界客屬總會會長、台灣立法委員劉盛良說要邀請她回台演講。
母親	義賣會定十三日下午二時在台北市福華飯店地下二樓宴會廳舉行,由名主持人葉樹珊主持,知名歌手熊天平特別應邀獻唱,為天下所有母親祝福。
父親	林爰君說,王文洋下午公開罵她破壞社會秩序與社會安定,這是扣她大帽子,大家都知道王文洋的父親王永慶在台灣辦醫院、辦學校、投資經濟建設,她只是一個女人,有什麼能力對這樣的大企業或破壞社會,她只是為自己的孩子爭取擁有自己的父親。
女儿	索菲娅・罗兰以艺术的语言,表达了她要通过影视表演展现人间的真善美、影响社会、净化环境的愿望;帕瓦罗蒂以变音变调的说唱方式,表示将继续致力于慈善事业,为安哥拉、卢旺达、索马里的妇女儿童义演捐助,为全人类的共同富裕、进步而尽力;贝尼尼则充分发挥了他幽默诙谐的特长,再次把笑声带给观众。
哥哥	她的哥哥巴赫里·坦里库卢其实也大有来头,身为2007年世锦赛84公斤级(世锦赛和奥运会设项不同)冠军的他,四年前在决赛中输给史蒂文获得一枚奥运会银牌。
爸爸	家庭教育扶助中心日前接獲一案例:「小華是小學三年級的學生,最近他媽媽常發現自己皮包內的錢常常短少,起先以為是爸爸順手拿去忘了告訴她。
女孩	孟加拉国卫生部22日确认,该国出现首例人感染禽流感病例,一名16个月大的女孩被确认感染了H5N1型高致病性禽流感病毒,现已痊愈。
母親	劉建國表示,他八歲失去父親以後,母親為了扶養五個孩子,要賺錢養家,也要理家,肩扛難以計數的苦頭,這樣的成長過程,也讓他深刻體會女性的偉大。
兄弟	闯入该项目八强的还有马来西亚老将西德克兄弟、韩国好手柳镛成/朴星宇和中国台北的洪欣正/黄全成等,其中中国台北选手以两个15:4淘汰了种子选手马来西亚的叶贻愿/叶贻合。
父親	調查報告指出,青少年碰到問題時,並不會先找父親商量。
母親	在母親節來臨之際,多數心智障礙兒母親是擔心多於開心,百感交集。
女儿	一位每天与戴楠一道去美溪第一小学上学的小朋友在记者面前哭泣着,她不敢相信自己的好伙伴会这样离开自己,她不敢相信一个妈妈会这样狠心,亲手害死自己的女儿。
女兒	英國衛生部今天在倫敦指出,英國官員留置一名薩伊婦女及其兩名女兒在倫敦醫院接受檢疫,害怕她們可能感染伊伯拉病毒。
兄弟	但在美国第四大投行雷曼兄弟公司申请破产保护进而引发国际金融危机一周年之际,我们需要追问,金融机构如何在投机逐利中迷失了方向。
妹妹	此外,陳進陽說,陳水扁的夫人,即吳景茂的妹妹吳淑珍,在陳水扁當市長後,有機會常到市府走動,但由於吳淑珍行動不方便,吳景茂可以在吳淑珍到市府時抱她。
母親	房祖名說,其實媽媽原本反對他進演藝圈,因為怕他只是想當明星、怕他會受到傷害;對於藝人最怕碰到的緋聞,母親曾對他說「如果不是真的,就不必去理會」,不過母親希望他儘量避免和圈內人交往。
兄弟	男長袖組-第一名編號十號(兄弟西服社)、第二名編號七號(陳志嘉)、第三名編號六號(王素雲)及編號一號(邱宏添)。
母親	外傳「小甜甜」布蘭妮想在她進軍影壇的第一部電影中,請瑪丹娜與她扮演母女檔,但是,瑪丹娜卻對這名母親是個酒鬼的角色安排非常不滿。
兄弟	水保局長吳輝龍難過地說,水保局人員是他的兄弟,大家拼死拼活,都是為了使命,即使承受極大的壓力,還是堅持下去,在勘災時,有些山區道路不通,水保局人員徒步勘災,甚至有時候還不一定有飯吃,希望外界多給水保局人員肯定。
女兒	過去她只會怨恨,現在她已改變,認領事件發生後這兩個多月有很多黑白顛倒、不堪的侮辱,現在她不許任何人欺負她、女兒及家人,今天找劉泰英是為了個人名譽。
母亲	这些事业有成的女性,在感受了母爱的重要性之后,将母亲的爱与信任延续到下一代身上。
兒子	而林士昌中風的年邁母親則堅持要為兒子親披彩帶,林士昌則親自揹負母親上台,並單膝下跪接受披掛競選彩帶。
父親	「少年上班族」是描述一位有暴力傾向父親的青少年,與一位有光明學術前途的中產階級男孩之間友誼的故事。
爸爸	東海大學社工系主任曾華源認為,從這份問卷可以看出現代爸爸對子女期望高,但有點重男輕女,對太太是女強人的觀念也比過去開放。
母亲	博物馆展厅里一组来自美国的盘瑶服饰尤其引人注目,这是一位姓盘的瑶族旅游者专门替母亲从美国捎来的。
妻子	据不完全统计,1988年以来,全区为军人家庭帮工35.7万多个,帮助资金16.3万余元,为480名军人妻子调换了工种班次,为352户军属解决了住房困难,使1.48万多户农村的军人家庭脱贫致富。
母亲	“作为一个母亲和妻子重返奥运会,带着全家人一起到北京,那与亚特兰大奥运会有着完全不同的感觉。
女兒	這次應邀來台的書畫名家包括沈鍚純及詔安縣長周躍紅、沈鍚純的女兒沈華瓊、沈榮添、高繼文、吳友元、沈洪生等福建書畫名家,他們都是第一次來台,興奮之情溢於言表,並在今天開幕現場當場揮毫作畫。
父親	現代父母理想中的幼兒托育方式有七成一認為應由父母帶,同意由祖父母帶、由其他親友帶、由專業保姆帶、由幼教機構帶、由外籍女傭帶的比例都很低,只有由幼教機構帶的同意比例稍多,達一成四;而實際上家中孩子最主要的照顧者有六成九是母親,祖父母佔一成七,保姆帶的佔百分之七點三,父親帶的佔百分之五點六,菲傭帶的佔百分之一,其他親友帶的佔百分之零點五。
媽媽	而參與升旗典禮中,年齡最小的小朋友,則是今年才一歲六個月大的郝美苓,從她懞懂、不識世事的神情,看得出她來自台灣的媽媽深深希望這位「小美人」,從小學習飲水思源的做人原則。
兄弟	--17時05分,La new熊與兄弟象比賽,新莊棒球場。
母亲	参观结束时,一位署名“王会永”的观众在留言簿上写下自己的感受:“每一个炎黄子孙都为有您这样一位母亲而骄傲,都为您自强不息、百折不挠的精神而自豪!长道漫漫任重道远。
媽媽	有時午夜夢迴,我常告訴太太我們不如歸去,有時我也常常也會打退堂鼓,是不是應該袖手不管,常常有這樣的舉措,但是,為什麼最後我還是沒有這麼做,因為我想起天下所有偉大的媽媽,再怎麼疲累,從沒有一個媽媽因為疲累而選擇離開她的家庭,離開她的家人,我就是這樣一個人,我相信我和市府團隊同仁一樣,因為我們放不下對台北的愛,我們也放不下對台北這塊土地的責任,就在責任與理想的呼喚下,我們一再的鼓勵自己,我們一再的鼓勵市府團隊,再困難也要堅持下去,再困難也要為台北的市民同胞來繼續推動。
兄弟	当天巴黎CAC40股指微跌0.33%,但外贸银行的股价飙升38.8%,报收于3.2欧元,不仅创下年内新高,而且接近去年9月雷曼兄弟公司倒闭前的水平。
女儿	记者从4日召开的流动儿童工作经验交流暨研讨会上了解到,据国务院妇女儿童工作委员会办公室和中国儿童中心进行的抽样调查显示,流动儿童中的在学者占90.7%,一直未上学者占6.85%,失学者占2.45%,后二项合计达9.3%。
婆婆	民事庭法官認為,這名媳婦舉證歷歷,顯有被婆婆虐待之實,同時媳婦的公公是醫師,家庭經濟狀況不錯,婆婆卻以經濟狀況不良不准這對夫妻生孩子,顯然是藉故托詞,法官因此駁回先生的離婚請求,而判妻子勝訴,使這名妻子可獲得較優厚的離婚賠償。
男孩	從外觀看,這名男孩和一般七歲男孩並沒有什麼不同。
妈妈	“我为妈妈们、为从SOS儿童村成长起来的年轻人由衷地感到自豪!”前来中国参加20周年纪念活动的国际SOS儿童村主席海尔姆特・库廷先生说,“我们建立儿童村这个模式,最重要的是让孩子们学习妈妈的奉献精神,长大以后也做一个有爱心的人。
父親	一九七七年,她回到巴基斯坦,沒幾個月,時任總理的父親就被吉亞將軍罷黜,她與家人都被捕入獄;一九七九年四月四日,布托之父遭絞刑處決。
爸爸	「振德」躺在台北創世安養院的病床上已經六年了,他女兒從吵著要爸爸帶她去麥當勞的幼稚園孩童,成長為會向爸爸說心事的小學生,儘管他最多只能握拳、流淚表達情緒,他仍然是女兒的心靈支柱。
女兒	賴勁麟連續三天召開記者會,指控程泉在民國八十五年九月十三日法國時間晚上七時左右在下榻的飯店強暴楊姓友人的女兒。
丈夫	因为一直没法与边巴扎西通电话,当知道新华社在前方有随队记者每天与后方联系时,普布希望通过记者告诉丈夫:“现在我正在办理出国的手续,你的情况家里都知道了,一定要好好养伤,家里不要操心,争取尽快康复,我很快就会过去看你。
女人	湯普森說,她曾逗著問休葛蘭,是否對黑女人具有性幻想,休葛蘭答是,於是湯普森就說:「這正是你要的。
兄弟	现在兄弟省有了灾,人民受了难,我们有责任帮助他们。
男孩	新年將至,金牌大風唱片公司特別集結旗下歌手黃文星、張芸京與LOLLIPOPF、棒棒堂男孩等6名人氣新星合拍精品月曆,其中最先曝光的黃文星,大膽裸露雙重事業線「乳溝加股溝」。
兄弟	陳永興強調,新國家陣線堅持以保障台灣人民利益為優先考量,同時推動制訂以台灣主權獨立而設計的新憲法,賦予台灣人民自決的權利,必要時舉行公投,通過以台灣為國名進入聯合國及其他世界組織,並與「中國」進行對等談判,簽訂友好條約,使兩國成為兄弟之邦,貢獻台灣人民的智慧,為世界人類進步盡一份力量。
父親	最讓江遠華感動的是,八八父親節當天見到一對老夫婦手牽手在路上相互扶持著走,他很想訪問對方並拍下照片,起先老夫婦還以為是詐騙集團,堅持不肯,後來幾經說明,並附上名片,才同意讓他拍攝,後來老夫婦的兒孫們發信感謝他,因為他們的爺爺奶奶真的被貼在部落格網站上,成為多年來非常特別的父親節紀念。
母親	義大校長傅勝利表示,每一個成就非凡的人背後都有一位偉大的母親,學校創辦人林義守家境清寒無法求學,母親含莘茹苦將他拉拔長大,為感念母恩,創辦學校,讓有心向上的學子都有求學的機會。
兄弟	蔡榮宗並且拿兄弟象做為例子,雖然很多人都不看好他們,卻可以靠韌性打進季後賽。
哥哥	原来,两位哥哥均是弟弟的陪练,常年伴着兄弟四方征战。
父親	合議庭並審酌周德勝父親已高齡81歲,每次開庭必到,至今仍未原諒被告,且被告2人是於另案假釋期間再犯案,除殺害周德勝外,另有10餘起犯行,足見監獄教化對2人毫無效果,若僅判無期徒刑,除有違家屬意願,仍有犯案可能,因而判死刑。
男人	大陸某女性網站最近在成都街頭,刊登女人腳踩男人頭的廣告,市民抗議有辱男性,成都工商部門要求廣告公司修改廣告內容,並將予處罰。
女儿	同年10月至2005年3月间,戴忠柱为达到给其女儿从轻处理的目的,先后向全椒县人民检察院原检察长李建国、原副检察长张道宽、原纪检组长翟辉、原反贪局长陈发枝,全椒县人民法院原副院长郭明立、原副院长张合才、原副院长金鑫等检、法两院14名司法人员行贿人民币及购物卡合计25.8万元人民币。
父親	醫師世家出身的林育靖,曾祖父是西醫,姑婆也自醫科畢業,她的父親及父親的堂兄弟有半數是醫生;而她本身的堂兄、堂姐也都是醫生。
兒子	孫媽媽表示,當天她在禮佛時,很奇怪地被延誤了一個小時回家,但回到家門口才發現整棟大樓已經倒塌,兩個兒子被困在屋裡。
女儿	宋建敏的女儿宋璐谈起自己的爸爸也很自豪。
兄弟	至於在行銷方面,在經濟部中小企業處的輔導下,涂家三兄弟為自家葡萄酒的設計酒標和LOGO,為了彰顯特色,兄弟3人特別選擇會在頂級葡萄園出現、專門食用頂級葡萄的綠繡眼,為酒莊代言。
女兒	阿珍表示,女兒常常看她忙到半夜,總是很不捨地說「媽媽不要做太累,我也幫忙做」,讓她心裡很感動,覺得很值得。
女兒	辣媽藝人的育兒經最近成熱門趣味話題,小S女兒不小心聞到腳臭發暈,洪百榕、崔佩儀上黃嘉千節目接力爆小孩的料,洪百榕曾為生病的小孩嚐屎,崔佩儀兒子出國搭機想吐,結果吐在她名牌包裡。
男孩	台北市長參選人李應元今天「參加」了全民奧林匹克游泳分齡賽,不過,他卻成了七十八歲老先生和六歲小男孩的「手下敗將」。
女孩	此外,有一名十九歲的女孩跌落水位上漲的溝渠中,至今下落不明。
妻子	據台中地方法院調查,連姓男子在家中因感情與財務的因素,與妻子發生口角及扭打。
妻子	责任区民警计刚放弃休息,跑了三天,帮助王艳军妻子找到一份门卫工作。
女孩	这名女孩的父母日前把“联合食品公司”告上了法庭,要求赔偿损失。
母親	這位母親在經濟極度拮据情況下,不甘心丈夫養不活香港家庭,還在大陸「包二奶」,絕望之餘,把兩個兒子從高樓推下,自己再跳樓自殺,結果一個完整家庭,因為丈夫在外「包二奶」而家破人亡。
女儿	她问:“大娘,您和女儿是咋失散的?”刘素贞长叹一声,向她道出一段辛酸往事。
妻子	二二八受難者吳鴻麒的妻子楊(毛焦)治,也是國民黨秘書長吳伯雄的二伯母,今天也參加建國黨的活動。
妹妹	隨船的成功大學生物系教授王建平說,「妹妹」雖是幼鯨,且被人類飼養照顧很久,但下海絲毫沒有眷戀,立刻游離消失。
父親	張家小弟的父親張明輝感激各界的愛心,慨捐張家三子的就醫基金,包括華南銀行一千六百萬元、農民銀行二百零九萬元、市府法制局帳戶五百八十三萬元、慈善聯合協會一千零九十七萬元。
女儿	自马拉多纳挂帅后,其小女儿詹妮娜的未婚夫阿圭罗便是阿根廷国家队中的常客。
母亲	18岁的米切拉・考庄科聪明、美丽,目前是马尼拉安特尼奥大学心理学二年级学生,父亲是菲律宾国会议员,母亲是塔拉克省省长。
儿子	布什的儿子杰布・布什后来也参与了这项工程。
妻子	他的妻子在他带动下也成了武术爱好者,两个孩子更是从小就开始习武。
母親	根據警政署瞭解,殉職的余建華已婚,育有兩女一男,他是布農族原住民,而他的母親中風住院有一段時間。
妻子	但经证实,这位女性不是他的妻子。
女兒	阿B表示,此行令其感到意外的是,有機會見到雅羅育夫人及前總統馬可仕的兒子及女兒。
岳父	医院领导告诉记者,郭晓钟是主动放弃赴德国参加一项国际合作研究的机会,把重病的岳父和即将中考的女儿交给妻子后,作为沈阳军区支援北京抗击“非典”医疗队队长、总支书记来到小汤山的。
父親	會中較為醒目的傷殘表演者,其一為小兒痲痺的劉雲卿的歌唱表演,她曾獲得全省勞工歌唱比賽亞軍、基隆地區冠軍,她的父親去年也獲得模範傷殘父親的表揚,其歌聲如黃鶯出谷,令現場人士如痴如醉。
父亲	结果,儿子按计划顺利接回了父亲。
父亲	这位普通的家庭妇女每天早上到秘书处上班前,先要服侍80多岁的父亲起床,还要到菜场买菜。
弟弟	劉剛的父親還說,劉剛的弟弟劉勇也已經成功的離開中國大陸,目前人在香港。
女孩子	许多女孩子身体发育后不能控制体重,水平很难恢复,但劳拉各方面都保持得很好,不存在‘成长的烦恼’。
兒子	就讀真理大學資訊管理系一年級的學生廖啟男今年六月間因病不幸猝逝,雖然家中經濟狀況並不是很好,但他的母親為完成兒子對老人家盡孝的願望,將獲得理賠的部分學生保險金捐給花蓮門諾醫院,幫助籌建老人社區,希望讓這筆錢幫助更多需要照顧的老人。
母亲	希望广大文学艺术工作者牢记人民是文艺工作者的母亲、生活是文艺创作的源泉这个真理。
婆婆	「廣州日報」報導,廣州荔灣區一百零四歲田婆婆長期患有高血壓,且吸菸多年,六月二十四日突然心臟病發,被送進廣東省中醫院急救。
父亲	卡达尔多的父亲当时正在看台上观看比赛,目睹眼前的悲剧当场昏厥。
父親	李國豪說,「父親是傳奇性的影星,我以他為榮,我不會刻意閃避有關他的話題」。
兒子	她說,由於兒子無法適應獨立求學,成績不佳,差點被「死當」,於是她辭去護理長職務,從大一下學期開始,專心為兒子伴讀。
兄弟	警網在成都路四十四號前攔下贓車,逮捕謝遠中、謝遠華攣生兄弟 (二十四歲) ,車上起出毒品安非他命、來路不明金融卡、證件。
男孩	徐自菱說,每年三、四月間,昆蟲活動繁衍,這時毛毛蟲皮膚炎及蚊蟲叮咬的病例就會增加,由於毛毛蟲身上有無數的短小剛毛,人體不論直接接觸到毛毛蟲或只是不自覺地碰到飄浮在空中的剛毛,都會產生毛毛蟲皮膚炎,這個小男孩就是典型的病例。
丈夫	4人在警訊時供稱,因受到委託人請託,才會在目標對象的交通工具上裝設GPS,主要是用來調查外遇,追蹤丈夫或妻子的行蹤,每件收費新台幣7萬元起算。
父親	程光瑩說,高中畢她很想到美國去唸大學,她父親卻要她去北京唸大學,當時大陸的條件不是很好,認為去了會很苦,心裡不是很願意,但她一向聽父親的話,於是1994年到北京大學法律系就讀。
母親	美國政府研究員今天指出,母親與胚胎的基因是造成早產風險的重要因素,而早產更是造成嬰兒猝死及殘障的首要原因。
女人	自從多年前演出「女人四十」後,喬宏已經很久沒有接戲;最後一次演出,是於今年三月與太太小金子來港,特別拍攝一套名為「天使之城」、與宣揚基督福音有關的電影。
儿子	在阿根廷国家队球员中,伊瓜因、萨穆埃尔、米利托、贝隆、古铁雷斯的父亲都曾是阿根廷的职业球员,他们对于儿子代表国家队征战世界杯感到非常骄傲。
妈妈	”以往每次大赛,葛菲在赛后总是第一个打电话给妈妈。
女兒	目前看來他的女兒已經得到教訓。
母亲	这两名“鱼人”与其患病的母亲住在一起,经济十分困难。
女孩	建工巷有一家面积只有20多平方米的小餐馆,里里外外坐满了人,门前有个小女孩在熟练地帮忙烤羊肉串。
儿子	达嘎的家境并不富裕,他的儿子是一位烈士。
母親	市警局刑警大隊去年五月母親節前夕,在麗尊酒店圍捕涉嫌槍擊立委李全教左楠服務處主任座車嫌犯黃國元,發生警匪槍戰,造成三名員警受傷,黃國元也中彈落網,並起出M16A1步槍。
兄弟	伯友尼的兄弟當天身在拍賣現場,他說,伯友尼會標購這個具有科技史意義的拍賣品,是「因為他喜愛電腦」。
妻子	妻子席帕則遭自己家人拘禁虐待,所幸及時獲得保護婦女的非政府組織協助逃脫,倖免一死。
兄弟	仍在服役的洪家煜,將於一九九九年退伍後轉入職業;而是網球巨星張德培堂兄弟的張澤鵬,目前則正等待轉入職業生涯後的主要勝績出現。
妹妹	黃俊明說,這些小朋友很厲害,學習一兩個星期以後就比他們這些「LKK」還熟悉電腦,員警只好充當保母幫忙照顧小朋友帶來的弟弟、妹妹了。
男人	志丹山区的人过去家家都有几个驮桶,吃水要到沟底的水沟用驴驮,女人们一辈子只有在出嫁时才洗一回澡,男人们则在下暴雨时脱光身子站在院子里冲一冲。
兒子	遭國內警方懷疑為「人蛇集團」首腦邱光輝及涉及台北縣三重一家醫院院長兒子朱國樹遭綁架案的主嫌陳振明,今天晚間將從泰國遣返。
母亲	当记者徜徉在夕阳西下浪漫唯美的沙滩上,看着母亲带着孩子在沙滩上拾贝,看着孩子们在橙红色的海水里嬉戏;走在清晨古老而狭窄的街道里,听着老阿妈清扫街道的刷刷声和青年歌手在街头弹奏的吉他曲;留恋于夜市昏黄的灯光下,闻着扑鼻的卤味香和混着海水的咸咸的海风味道,也许就走进了真正的“澎湖湾”。
媽媽	上海台商魏懷德今天告訴中央社,在世博浦東和浦西園區裡的20個「世博伊利母嬰服務中心」,都有免費提供吸奶器的服務,另外還有100多台的溫奶器,都是無償提供給全球的媽媽遊客使用,到過此服務中心約有6萬多人,而使用過此吸奶器的約有2000多人。
丈夫	普拉姆的丈夫,美國駐伊拉克前任大使威爾森,在紐約時報讀者投書版的文章刊出八天後,諾瓦克在他的專欄報導中透露,普拉姆是中央情報局的密探。
父親	謝堯政是已故親民黨籍立委謝鈞惠之子,謝鈞惠去世後,謝堯政積極部署參選立委,接替父親的位置。
儿子	近两年的冬天,他到厦门儿子家过冬,病情大有好转。
母亲	母亲罗山是英国人,出生贵族名门。
爸爸	”女儿吴佳也清楚地记得,你这个当爸爸的“说话从来不算数”。
兄弟	李門兄弟證券首席投資策士,華爾街知名的「牛派」分析師艾波蓋特今天預估,到一九九九年底,道瓊工業指數將能從九千點躍升達九千八百點,史坦普五百種指數則可站上一千二百五十點,較他之前的預估高出一百點。
妻子	乔吉奥很幸运,女儿塔尼娅在延续他和妻子的跳水希望。
儿子	将担任“青年破冰者”组织中国主席的杰克·佩里是俱乐部主席斯蒂芬·佩里的儿子。
哥哥	他说:“我将在大哥哥们的帮助下尽到自己最大的能力。
妹妹	深受Y世代新新人類歡迎的年輕偶像張震嶽一出場就受到全場歡迎,百變唱腔的他首先以「Free night」抓到歌迷的心,「我要錢」更贏得在場小女生尖叫愈唱愈High,在Band帶動下,唱著深受新世代喜愛的「乾妹妹」、「愛情你我他」、「自由」歌曲,狂野的張震嶽還彈斷吉他二根弦,狂野魅力讓節目帶到高潮。
丈夫	未透露姓名的希拉蕊的友人告訴美新週刊,第一夫人已下定決心,她將相信她丈夫對有關事件的說詞,不再詳加追究細節。
兒子	前總統陳水扁兒子陳致中夫婦的認罪協商破局。
女儿	新华社青海玉树4月23日电(记者牛琪)又一个黄昏即将到来,玉树藏族自治州体育场内帐篷的缝隙间,木炭在3口简易铁锅下噼啪作响,尕谢和她的小女儿正在扯着面片下锅,和面片一起在锅中翻滚的还有刚刚买来的空心菜和白萝卜。
母亲	珍妮丝说:“母亲给予我一次次机会,直接地了解其他民族,他们的生活、信仰以及文化。
妻子	SITE的聲明並未說明雅西德如何死亡,但指出,蓋達組織在回教聖戰組織論壇上聲稱,雅西德的妻子和3名女兒、孫女及其他男子與婦孺皆遭殺害。
妻子	民主進步黨台中市長參選人林佳龍今天在競選演講中宣示,如果當選市長,將向妻子告假一年,每晚十時以後陪同員警投入拚治安的工作。
母親	今天是一年一度光輝、溫馨的母親節,台中縣長廖了以晚上下廚準備他唯一的拿手「炒飯」,慰勞終年辛苦的老母和妻子。
母亲	新华社莫斯科3月6日电(记者刘恺)在“三八”国际劳动妇女节即将迎来100周年之际,莫斯科华人儿童俱乐部的孩子们6日为母亲们朗诵诗歌、演唱歌曲、表演舞蹈,与母亲们一起参与趣味游戏,庆祝这个特别节日的到来。
妻子	民主進步黨高雄市長候選人謝長廷雖然在高雄打選戰,但妻子游芳枝今天則陪同台北市第四選區議員候選人王世堅以車隊掃街造勢。
媽媽	消基會指出,有過敏體質、頭皮有傷口、貧血及皮膚敏感的消費者,最好不要染髮,而孕婦及哺乳中的媽媽,避免使用永久性染髮劑,因為PPD易經由頭皮滲入微血管中,造成胎盤及乳腺的污染,另婦女每月生理期、產後、病中或病後恢復期間,也不適合染髮。
女兒	李翊君昨天下午剖腹生產,為老公檢場生下重三千一百二十克的女兒,看到女兒的檢場,十分感動,李翊君也很開心,至於要為女兒取什麼名字?他們說,十日出生就是一和零,也許可以取諧音為「依林」。
兒子	艾奎諾夫人兒子貝尼諾.艾奎諾 3世(BenignoAquino III)在一份聲明中宣布,艾奎諾夫人於8月1日清晨3時18分因心跳、呼吸停止,在馬卡蒂醫療中心辭世。
母亲	刚刚做了母亲、重新训练不长时间的刘英姿克服大风的影响,在最后一刻冲出重围、勇夺金牌,不仅实现了个人突破,还与另两位队友一起赢得这一项目的团体亚军,值得庆贺。
父亲	21日,李敏在《我的童年与领袖父亲》首发式上深情地说,这本书是对父亲诞辰110周年的纪念,更是献给给予我生命、品格和意志的爸爸毛泽东、妈妈贺子珍的礼物。
母親	他的證詞指原告男童的母親控告傑克森確實是基於錢財的原因。
男人	欣吉斯昨天在接受几位记者采访时,用德语说莫雷斯莫带着女朋友来比赛,是半个男人。
父親	她慶幸夫婿(紋頁) 纈勇人很得父親王貞治的緣且成為父親的酒伴,父親則催促她要早日讓他抱孫子。
哥哥	他的哥哥也是資優生,十四歲時便入讀牛津大學,牛津鑑於他年紀太小,規定必須有家人陪同,因此March在香港就讀小一時,便隨父母和哥哥一同移居英國。
母親	艾梅達涉嫌在1998年持斧頭砍死他的姊夫後入獄,2007年,他的母親去世時,也未能出獄奔喪。
弟弟	歐巴馬同父異母弟弟馬里克說:「我們齊聚在這裡的原因就是,企盼一個可資慶祝的偉大日子。
婆婆	香港新一代「至尊辣王」竟然由一名七十歲婆婆在兩分鐘內狂吞五十隻指天椒而稱王,並獲五千港元獎金。
兄弟	尤妮絲去世後,甘迺迪9個兄弟姊妹中,目前只剩下麻州民主黨聯邦參議員愛德華.甘迺迪(Edward M.Kennedy)和曾擔任美國駐愛爾蘭大使珍.甘迺迪(Jean Kennedy Smith)。
女兒	台南縣學甲鎮今天清晨傳出一名單親媽媽疑似將自己的親生女兒勒死之後自殺的案件,女童送到醫院前已無生命跡象,經急救後仍回天乏術,母親則在急救後沒有生命危險,詳細原因正由警方調查中。
妻子	警方調查,這名住在北縣瑞芳鎮鼻頭路的五十二歲男子劉天送,與妻子長期住在鼻頭村內,從西元一九八二年起就開始受雇關稅總局負責管理鼻頭燈塔工作,一做就是二十五個年頭,每個月的薪水也有三萬多元,對家計來說不無小補;家屬也指出,劉天送每天上午七時準時出門前往燈塔上班,下午五點半下班,不菸不酒的他生活也過的相當正常。
兒子	特偵組日前查扣扁家部分在台資產,包括存款、有價證券、不動產及7筆房地產,共計2億9465萬3290元;吳淑珍、兒子陳致中、媳婦黃睿靚以財產被凍難以生活為由,向高院聲請撤銷財產扣押處分。
丈夫	闹金草告诉记者,和今天一样,平常在出门前“根本不需要征得丈夫同意”。
儿子	齐孝建1993年和爱人同时从福州无线电三厂下岗时,儿子正在读大学,一家人的天空仿佛一下子塌了。
父亲	“捐献遗体是父亲生前的夙愿。
兄弟	塔拉尔在慰问电中说:“巴基斯坦人民愿与兄弟的中国人民共同分担此刻的悲痛之情。
妻子	死者名叫张海燕,职业为秘书,是香港电视台一名记者的妻子。
儿子	“儿子懂事后,我会告诉他:孩子,你是在中国军队的医院里出生的。
妹妹	廖永來於三月中旬安排蔡其昌任工策會副總幹事、機要秘書邱太三的妹妹邱雅津任專員、謝志忠也任專員;由於安排他們三人,必須將工策會三個員額調整出缺,當時箭頭指向前東勢鎮長林宏文及兩名女職員開刀。
女人	據福利黨人士統計,亞沙爾擁有四名妻子、五十一名子女,迪米爾擁有三名妻子、四十八名子女,亞烏茲擁有三名妻子、四十九名子女,阿卡登尼茲則有三名妻子、四十二名子女,再加上各個家庭的孫子女人數,四戶人家的人口總數超過三百人,其中具有投票資格選民人數為二百一十一人。
媽媽	由於她在劇中飾演一位患有老人失憶症的媽媽,因此在拍攝一段回想當年男主角騎車撞傷她,被男主角一把扶起的戲,劉瑞琪突發奇想問導演,她可以跳一段舞嗎?導演當下覺得跳舞雖然有點不合當下的劇情邏輯,但這是患有失憶症媽媽對過往的想像,也就允許劉瑞琪跳脫劇本,與男主角跳起一段浪漫雙人舞。
弟弟	因此自今年四月起,當員警取締開單時,他便「瞞天過海」,佯稱沒有帶身分證件,自行報出他弟弟的名字和身分證字號,或是用寫有他弟弟名字的舊罰單讓警員原文抄寫開立罰單。
父親	由比爾的父親威廉主持的蓋茲基金會列舉的主要目標之一,是縮小存在於已開發國家與開發中國家人民生活方式之間「過度的懸殊」。
兒子	當時ISA的大兒子是青少年,小女兒剛進入青春期,都喜歡挑戰母親權威;但是在旅行中,兒女親眼看到她處理大小疑難雜症,漸漸認同母親。
母親	基隆市府主辦,中華創價佛學會承辦的八十七年度模範母親表揚大會–慈母恩、溫馨情系列活動今天在基隆文化中心及港務局客運大廈兩地熱烈展開,吸引數千名民眾陪媽媽與會,讓她們渡過特別的母親節。
母親	孫嘉梁的母親游麗華表示,孫嘉梁對數學系、資工系都喜歡,都會修課,但到底那個系為主或為輔,還要到台大瞭解相關環境,並與教授談一談後,再做決定。
女孩	這名網友還表示,上傳照片是要讓大家看看,漂亮的女孩也是能吃苦,踏踏實實生活的人還是大多數。
女兒	失蹤華裔女生蔡易廷的母親陳惠青,今天呼籲僑界協助尋找她的愛女,也希望她的女兒看見有關報導後,主動跟家中聯繫。
妻子	”他还动员妻子到乡卫生院做了绝育手术。
儿子	与阿巴希泽同机离开巴统的还包括他3年来一直担任巴统市长的儿子及其一些亲信和亲属。
兒子	第四名是三浦友和及山口百惠,山口百惠於當紅時退出演藝圈,並全心全意投入家庭、始終如一,偶爾才能在週刊雜誌上看到稍微發福的山口百惠去參加兒子學校活動的身影。
母亲	在游览了“母亲河”黄河后,营员们纷纷表示,在中原地区找到了中华文化的源头和台湾汉族同胞“河洛人”的根;而在闽南游览时,领队陈福裕先生则表示,到了闽南就好象回到台湾家中,而且还能感受到听南音、边品茶边听艺人讲故事这样的祖先生活情调,更加佐证了“闽台一家亲”并非虚言。
兒子	胡德政的兒子「因賓」說,今天上午他和父親帶著獵狗前往下野部落鳳梨園,獵狗下車後找不到山豬,於是他和父親分開尋找獵物,父親因經驗豐富,單獨行動,讓獵狗陪著他。
母親	88水災後,921地震也屆滿十週年,為喚起民眾危機意識,國民健康局與母乳哺育學會今天召開記者會,宣導母乳哺育在急難時期的重要性,並呼籲社會給予餵母乳的母親更多支持。
兄弟	这对有色金属行业的“兄弟”年产值都在5亿至6亿元之间,为国家作出了大贡献。
丈夫	被告是因為懷疑丈夫有外遇,與丈夫產生矛盾,今年七月三日,被告找到正在飯店用餐的丈夫,趁其不備將事先準備好的硫酸潑向丈夫,丈夫跑到衛生間用水清洗身上的硫酸,被告再追到衛生間,用隨身攜帶的尖刀刺扎丈夫背部等處數刀致死。
父親	鄭存宸就讀台北市龍安國小三年級,一年半前跟著父親鄭世魁學球,現在每週由教練高金三指導一小時,鄭存宸曾經創下景新球場迷你十八洞最低的五十七桿紀錄,相當具有天份和大將之風,高金三十分看好他未來必成大器。
女孩	今年較特殊的是,很多女孩將髮型梳成大鳥巢狀。
媽媽	麥考米克.雷利偉德於去年3 月加入歐巴馬選戰陣營,擔任歐巴馬夫人蜜雪兒(MichelleObama)的公關主任;過去20個月期間,她向全美國成功推銷蜜雪兒的負責任媽媽、職業婦女、關心平民事務、現代女性等形象。
媽媽	大兒子邱薪郎說,「爸爸常說,媽媽從13歲就挑木炭賺錢分擔娘家的家計,要子女多體恤媽媽。
媽媽	隨隊志工台北市中山國小教師張夢和資助的小女孩是泰北少數民族阿卡族八歲的樸美(Pookmee ),來自單親家庭,父母離異後,媽媽帶著老阿嬤、她和三歲的妹妹,住在借來的房子裡,平日靠採茶臨時工維生。
男人	年關未到但搶劫事件卻陸續傳出,台中市澄清醫院最近發現有多位遭搶劫被殺傷的大男人,都是手臂被利刃砍傷,以往都到農曆十二月才是急診室收治被搶劫受傷者的「高峰」,今年可能是景氣不佳,搶劫高峰有提前到來的跡象。
女兒	她的父親劉源金說,聽說被撞倒的是女兒工作的世貿大廈,全家人都被這起慘禍嚇壞了。
女孩	据了解,当时韩国女孩的情况十分危险。
兄弟	貴國之救援行動不但迅速完美,且更進一步鞏固中--哥兩國固有之兄弟情誼。
妻子	而且要求中廣董事長趙少康的妻子、飛碟電台董事梁蕾降低飛碟的持股。
妻子	朱棣文表示,有人說,「除了妻子之外,每一個好的科學家都有一名情婦,那就是『科學研究』」。
兒子	針對人權議題,格達費的兒子塞夫告訴記者,將在近日釋放遭政府囚禁的回教兄弟會成員,稱「情勢已今非昔比」。
妻子	妻子张彩云不收,这些人就迅速地丢下礼物,一溜烟走了。
儿子	他先举起自己10岁的儿子,接着便拥抱前纪录保持者马里斯的家人。
母親	VISA國際組織台灣區總經理陳俊仁分析五月份創下佳績的原因說,一方面是五月份VISA國際組織在全省推出兩項大型促銷活動,得到各會員銀行及消費者的支持,再加上適逢母親節百貨公司五二○折扣檔期,持卡人大量刷卡所致。
兒子	潘姓男子供稱,他今年一月與妻子離婚,前一陣子又因腳疾沒有工作,因承受不了精神壓力,才想帶兒子一起離開人世,沒想到自己卻獲救。
媽媽	三十三歲的楊媽媽說,她三年前生第一時胎去醫院生產,感覺醫院沒有仔細考慮孕婦的隱私,也沒顧慮她初次生產的心情,會陰切開術還讓她產後一個多禮拜都痛到不能坐,生第二胎時她決定找助產士到家接生,身心恢復狀態都相當良好。
女兒	目前她只有一位已婚的女兒在台灣。
母親	台北市智障者家長協會及財團法人育成社會福利基金會今天舉辦「媽媽~我的愛~2008母親節聯歡活動」,邀請四百多位心智障礙者及其家屬參與,由各發展中心的學員上台表演舞蹈、話劇等精采節目,並安排溫馨的獻花儀式,慰勞、回饋平日辛苦照顧他們的偉大父母。
兒子	高雄中學二年級王奕翔的父親王明坤對兒子得銀牌很高興,兒子與他討論過,未來若直接走入重思考的純數學研究之路,可能突破的機會較小,不如先修讀與數學相關的電機,若要回數學之路再轉也來得及,由於兒子性向與興趣,他建議兒子深造到博士。
妻子	大陸「台灣同胞聯誼會會長」張克輝今天對他申請赴台奔喪未果一事發表談話說,他本人仍要透過「海峽兩岸關係協會」爭取前往台灣,如果不成,將由他妻子代表他回台奔喪。
女儿	据报道,9月10日,孩子的母亲戴克沙因严重伤害罪和小偷小摸被捕入狱,竟未作任何交代就将女儿独自留在家中。
女儿	他自己的女儿也患有智障,通过陪女儿运动,他发现运动是帮助智障人士发展的最好方式。
妻子	信写好了,于谋银托咐妻子:“等我不在了,把信按月给孩子寄去。
妻子	本週稍早,伊斯坦堡卡茲歐斯曼夏地區一名四十五歲居民亞烏茲,長期失業又面對龐大債務,在眼見經濟環境惡化,復業無望後,原本精神虛弱的亞烏茲終告崩潰,在週一(十二日)凌晨,持刀將結縭十年的妻子及熟睡中的四名子女全部殺死。
女人	台灣性別人權協會今天召開記者會呼籲推動「通姦除罪化」、「性工作合法化」,希望針對參政女性與「性」污名的關連,提出有助於女性的方向,並解開長久以來限制女人的「性的緊箍咒」。
兄弟	三、配偶之直系血親或兄弟姐妹來台依親,宜在辦妥戶籍登記之日起滿五年後始得申請。
兒子	蘇文雄兒子蘇國華表示,他父親擔雲林縣長一年八個月以來,全力在奔走的就是爭取台灣大學雲林分部的設立,而在生前的最後遺志也是一再交代要完成台大設校事宜,李總統強調將全力協助促成。
兒子	他告訴記者:「我被通知我的兒子已死亡。
女人	捲入「兩個女人戰爭」的立法委員施明德,據聞今天凌晨悄悄返國,由前立法委員魏耀乾接返台南市,途中發生小車禍,幸無大礙,目前行蹤不明。
兄弟	据阿尔及利亚国家通讯社报道,阿尔及利亚外长迈德勒西和埃及外长盖特2日在通电话时强调,媒体理性对待这场比赛将有助于平息两队球迷之间的紧张气氛,保持兄弟国家间的历史情谊,维护双方利益。
女人	另外两名女人质上个月乘看守打瞌睡时成功逃脱。
兒子	宜蘭市今天發生1起父親挾持2名兒子企圖跳樓自殺事件,父親後來心軟放下小孩,自己從2樓頂樓一躍而下受重傷。
媽媽	為號召社會大眾踴躍加入志工行列,國內各政黨立委林重謨、陳建銘等人,今天換上廚師服,在「台灣譚魚頭公益慈善宴會」上,當起服務生,為義警、愛心媽媽與環保志工們上菜、加茶,感謝這些義工平日對社會的付出及辛勞。
女兒	培林的先生陶德(Todd)幫腔說:「對我14歲女兒開起性侵玩笑,真可鄙。
母親	黃慧娟和她的母親上午在記者會中數度哽咽,痛哭失聲,希望社會主持公道。
兒子	法葉德的兒子都迪在巴黎與黛安娜一同身亡。
兒子	老人的家人說,老太太長壽是因為心寬,她一生經歷過一次又一次白髮人送黑髮人的打擊:老伴在她五十歲時餓死,死時肚子瘦得只剩一張皮;六十歲時,才二十歲的兒媳婦生病去世;不久十八歲的女兒也過去;隨後大兒子也去世,現在只剩一個七十一歲的二兒子。
媽媽	台灣環境資訊協會環境信託中心專案執行吳孟純表示,張媽媽猶如一名傳道者,努力跟來往行人訴說白海豚的遭遇,但是她忙不過來,因此,於網路上徵求一批志工,和張媽媽一起努力,讓更多人加入認股救白海豚行動。
父亲	黄佩婵告诉记者,孩子的父亲李杰林没能在这里等候孩子的降生。
妻子	“这块金牌的一半要归功于一直关爱支持我的妻子和正在读初二的儿子,每每训练艰苦的时候一想起他们对我的爱,就有了继续训练的力量,”张海东说。
妻子	此外,昨天又發生地方富豪人家強搶窮人妻子,並將丈夫打死事件。
兒子	身為湖人隊的老闆,巴斯其實是湖人隊的最高決策者,他的兒子吉姆巴斯目前擔任湖人副總經理、他的女兒一度傳出可能接掌湖人隊,同時她也是現任總教頭「禪師」的親密女友。
儿子	”陪同父亲前来的儿子告诉我们。
母亲	全国妇联赠送的项目资金,包括小额扶贫循环金、母亲健康快车、春蕾小学、母亲水窖、妇女科技培训、农村妇女健康知识培训等。
兄弟	他率领的代表团在中国受到了“特殊的、友好的、兄弟般的和令人喜悦的”欢迎。
女兒	今天開庭之前,卡斯特納已準備好一份130頁的報告,認定佛里茲爾有嚴重人格問題,但應為性奴役親生女兒24年的行為負責。
妻子	非洲民族議會領袖曼德拉的妻子溫妮.曼德拉,可能已失去被尊為南非第一夫人的機會,不過,如今她的大名已在南非日常詞彙中占有一席之地,使她成為鼎鼎有名的政治人物。
兒子	她說,而今她的「男人」都已背她而去,現在依靠兒子過活,幸好還有很多讀者及女性朋友同情她的境遇,給她很多精神上的鼓勵。
姐姐	1990年7月30日,王英汉姐姐家的一头猪因进田吃庄稼,被长安镇后山村一村民失手打死。
女兒	朱穆之在北京召開的「世界人權宣言」發表五十週年紀念會上說,中國大陸人民享有的人權,已在大陸的憲法和法律中有明確規定,大陸公民享有政治平等、言論結社自由、信仰自由、人身自由以及勞動權、教育權、婦女兒童保護權以及可以控告政府官員等權利。
丈夫	二十九歲的哈定曾是美國奧運花式滑冰的熱門人物,前途無量,不過一九九四年美國花式滑冰錦標賽舉行之前,哈定涉嫌叫唆當時的丈夫攻擊勁敵柯瑞根,打傷她的膝部使她無法出賽,哈定後來雖然獲得錦標賽冠軍,但被花式滑冰協會取消冠軍頭銜,並被判決終身禁止參加奧運。
妻子	李森和他的妻子昨日上午搭乘汶萊航空公司的班機抵達法蘭克福機場。
女兒	這名在二零零三年妻子去世後,即與繼女陷入情網的男子,將在十二月與他「過去的女兒」步上紅地毯。
兄弟	接連發生台南兩兄弟吃香魚致死,以及美國民間團體檢出華盛頓蘋果殘留過量農藥,衛生署食品衛生處長陳樹功說,已下令製造致命香魚的業者回收銷毀,但國內進口華盛頓蘋果使用安全農藥並未過量。
女兒	台中縣太平市疑似有精神病的四十四歲婦女莊彩月,今天下午四時四十五分許,到女兒的男朋友家中理論,竟持預藏的水果刀,將對方兩位小妹妹砍傷,送醫急救後都沒有生命危險,全案正由警方處理中。
兒子	陳美延(三十一歲)昨天上午在高雄市林森四路上班途中遇刺身亡,警方即懷疑她男友涉嫌重大,昨天晚間,洪宗興的父親在精忠街住處發現兒子留下的兩封遺書,覺得事情不妙,立即向警方報案。
母亲	据谭学勤70多岁的母亲介绍,28年前,她的丈夫从山上采来两棵长10厘米左右的山参,放入酒瓶中浸泡。
兒子	特偵組偵辦前第一家庭疑洗錢案,明天將傳喚前總統陳水扁兒子陳致中、媳婦黃睿靚、女兒陳幸妤,且不排除本週到寶徠花園廣場就訊前第一夫人吳淑珍,釐清扁家海外資金流向及龍潭案、南港展覽館案、企業匯款及國務費資金移轉過程。
妻子	秦文许赴金山派出所工作前对妻子说,“金山的情况我清楚,但就算我可能牺牲,我也不会向邪恶低头。
兒子	英國女王的第三個兒子安德魯王子說,女王協助他和其他的人搶救存放在古堡內的藝術品。
女人	他又說:「這都是以前上大陸滾 (玩女人) 所惹下的禍」。
女兒	今年四十二歲的洪錦坤透過妹妹表示,他在九年前到越南,與越南女子潘氏虹菊結婚,婚後並育有一女名為洪葦婷,潘女在三年前取得中華民國國籍,並領有身分證,但去年一月中旬,潘女以妹妹在越南結婚為由,帶女兒回到越南至今未歸。
媽媽	為了貫徹朝野協商,姑且不論要立委二讀不發言、無異議通過的決議究竟正不正確,總還有個規矩吧,偏偏立院模範生謝啟大不爽法條,硬是跳出來反對,朝野只有「小小地偷跑」,勉強再協商換取謝啟大的支持,連國民黨大黨鞭饒穎奇都關心起謝啟大,關心她吃飽了沒?希望謝媽媽不要再反對了。
丈夫	呂秀德見得款不多,就逼迫被害人打電話回家籌贖款五百萬元,但無人接聽電話,稍後彭東雄又被迫再打電話向妻子佯稱與人買土地簽約急需款項四百萬元,不過彭妻不知丈夫被擄,沒有答應付款。
母親	王獻極召開記者會表示,在藍綠惡鬥下,政客為了自身利益而忽略「我們的母親」台灣,依然「衣衫襤褸」,至今沒有合身的衣服(憲法)穿、沒有自己的名字(國號),不能有尊嚴的走進國際社會。
兒子	上週有人打電話給古姓民眾,由他的十七歲兒子接聽,對方言明準備一百萬元,過幾天再聯絡,但此後就音信全無,因此古姓民眾研判可能是債主討債。
媽媽	社會局副局長廖宗侯表示,已經緊急申請保護令,禁止小弟弟的媽媽接近。
女儿	我的女儿今年上高三了,每天做功课都要做到晚上12点,星期六、星期天还要出去补英语,哪有时间去看名著呀?我现在只能这样对她说,考上大学后,有时间的话,还是要去看点文学名著的,可以提高自己的修养。
母親	蘇貞昌上午仍到醫院探視母親,被媒體問到內閣人事案時,做上述表示。
母親	一名女嬰在高雄市一家醫院被抱錯,雖經科學鑑定確定並無血緣歸屬,高雄地方法院日前也對抱錯女嬰裁定假處分,但抱錯女嬰的家長仍不認錯,女嬰親生母親將再向法院提出確認親子關係訴訟。
父亲	他这次早早地买了首航这天的机票,专程陪父亲故地重游。
男人	第二個例證與台北市長馬英九有關,陳定南說,馬市長對日本觀光客來台灣買春非常生氣,要求台北市警察局對買春日本觀光客來一個抓一個,結果警察局很尷尬,不過奉市長指示只好去抓,但結果是抓一個放一個;陳定南說,成年男人找成年女人在旅館性交易,社會秩序維護法可以處理賣春女,但嫖客是沒有刑事責任的。
母亲	赵建铭将去任职的新楼医院隶属于台湾基督教长老教会,是一家区域医院,也是陈水扁的母亲固定就医的医院。
女兒	縱容貪贓枉法和濫用公權獲取私利上,反對黨以班韓利用也是眾議員的女兒名義購買土地高價出售給政府套取私利、非法接受曼谷商業銀行政治獻金,以及在築路、廢水處理、建廟等重大工程上圖利他人等。
丈夫	她怨恨地说,这场罪恶的战争夺去了她的丈夫,使她家破人亡。
兄弟	據台中地檢署檢察官調查,二十六歲的陳秀宜婚後與婆婆共同居住,兩人相處情況不佳,關係不睦,其丈夫亦認為母親偏袒其他兄弟而站在妻子一方。
母親	將接受這項義賣贊助款項的中華民國殘障聯盟理事長劉俠,為活動寫下一首「關愛何必曾相識」的詩,詩中寫著:就在五月十二日,讓我們將母親的愛擴大昇華,付出在那些需要愛的殘障孩子身上。
父亲	美国和以色列科学家联合进行的一项研究发现,如果男性做父亲时的年龄过大,孩子患孤独症的风险会较高。
父亲	今年对于里奥斯来讲是极为不幸的,不仅赛场不得意,成绩不正常,而且比赛和训练中受伤以及赛场之外的事故频频发生,惟独有所宽慰的是他将要做父亲了。
妈妈	“爸爸妈妈,儿子给您们拜年了,我在海地一切都好,您老不要担心,在家一定要保重身体,等儿平安回家。
父親	一九六九年繼承父親的政治地盤,在長野縣第二選區首次當選眾議員,迄今當選九次。
女兒	由於報導指稱這筆匯款「敏感」,顏慶章特別澄清指出,與楊文男(已在民國八十五年六月死亡)認識是透過楊文男的女兒介紹,當時他是擔任財政部稅制會執行秘書。
母亲	余光中十分热爱中华传统文化,曾礼赞过中国是“最美最母亲的国度”。
丈夫	警方根據現場遺留的皮包內證件,查出死者身份,並通知其丈夫到場,不料其丈夫竟氣憤地腳踢死者屍體,並大罵死者心太狠。
兄弟	张山说:“香港同胞把四川灾区群众当成骨肉兄弟,这种血脉之情让我非常感动。
妻子	相較之下,薩克斯風樂手約翰‧喬基就很有福氣,他的辮子都由妻子親自打理。
妻子	1990年6月12日,你吻别妻子,踏上了西征的列车。
女儿	由阿议会全体女议员组成的妇女委员会发表的这项声明要求全社会动员起来,谴责利用妇女儿童牟利的犯罪团伙;教育部严格执行义务教育法,严禁弃学;公安与司法部门提高工作效能,及时发现犯罪团伙并对他们绳之以法;议会尽快通过“消除奴役公约”。
女人	上海「大女人,小男人」的社會現象正受到挑戰。
爸爸	後來,霍大姊覺得自己不能被爸媽主導,開始用罵的、用吼的來疏解壓力,有一次她先把霍爸爸綁在椅上,準備替霍媽媽洗澡,正把肥皂抹上,突然聽到一聲巨響,霍爸爸不知道怎麼自己鬆綁走到客廳跌了一大跤,頭破血流,搞得她必須又要安撫霍媽媽,還要急救霍爸爸,兩頭忙得不可開交。
兄弟	游錫(方方土)隨後上台致詞表示,宜蘭縣當時就是換黨換人做,縣政才會好起來,現在宜蘭回到國民黨手中,就傳出童玩節有虧錢或歪哥的事,他說,宜蘭與基隆是兄弟縣市,因此要讓清廉的政黨來治理基隆,希望大家力挺民進黨徵召的施世明,民進黨也會負責,希望大家信賴施世明及民進黨。
兄弟	象隊昨天有3名新人生涯首戰就擊出安打,今天方克偉生涯首次站上打擊區,馬上揮出帶有打點的安打,兄弟的新人表現都讓教練團滿意。
儿子	上个月,菲当地媒体突然对长期存在的非法数字赌博行业“花档”大做文章,并引用一些人的话指责阿罗约的丈夫和儿子从中获利。
